Date,Home Team,Home Score,Away Team,Away Score
2018-08-24,Aurora,1,Bolivar,0
2018-08-24,Winfield,3,Canton,4
2018-08-24,Lebanon,9,Dixon,2
2018-08-24,Lebanon,2,Fair Grove,3
2018-08-24,Hillsboro,1,Festus,0
2018-08-24,Ritenour,0,Ft. Zumwalt East,1
2018-08-24,Parkway North,4,Hazelwood Central,2
2018-08-24,Pattonville,1,Lafayette (Wildwood),0
2018-08-24,Parkway South,2,Marquette,3
2018-08-24,Holt,3,Mehlville,0
2018-08-24,West Plains,5,Osage,0
2018-08-24,Rockhurst,0,Park Hill South,1
2018-08-24,Timberland,2,Rockwood Summit,5
2018-08-24,Veritas Christian Academy,0,St. Charles West,8
2018-08-24,Father Tolton,3,St. Pius X (Kansas City),2
2018-08-24,West Plains,2,Webb City,1
2018-08-24,Northwest (Cedar Hill),6,Union,1
2018-08-24,Ft. Zumwalt South,5,Washington,1
2018-08-24,Republic,2,Waynesville,0
2018-08-25,Fulton,0,Battle,5
2018-08-25,Westminster Christian Academy,2,Bayless,0
2018-08-25,Valley Park,4,Bishop DuBourg,5
2018-08-25,North Kansas City,3,Blue Springs,1
2018-08-25,St. Charles,3,Blue Springs South,2
2018-08-25,SLUH,1,Chaminade College Prep,5
2018-08-25,Jefferson City,0,Christian Brothers College,5
2018-08-25,Fair Grove,5,Dixon,1
2018-08-25,Troy Buchanan,1,Fox,2
2018-08-25,Hazelwood West,0,Francis Howell,5
2018-08-25,Warrenton,2,Ft. Zumwalt North,4
2018-08-25,Duchesne,0,Ft. Zumwalt South,3
2018-08-25,Parkway North,0,Ft. Zumwalt West,10
2018-08-25,Frontier STEM,0,Grain Valley,7
2018-08-25,Liberty North,4,Harrisonville,2
2018-08-25,Kickapoo,0,Hickman,1
2018-08-25,Nixa,1,Hickman,2
2018-08-25,Poplar Bluff,0,Jefferson City,4
2018-08-25,Lutheran North,0,John Burroughs,10
2018-08-25,Priory,2,Lutheran South,1
2018-08-25,Missouri Military Academy,6,Lutheran St. Charles,1
2018-08-25,St. Pius X (Festus),3,Maplewood-Richmond Hts.,0
2018-08-25,Principia,0,MICDS,3
2018-08-25,Branson,3,Monett,5
2018-08-25,Savannah,3,Oak Grove,1
2018-08-25,Willard,2,Oak Grove,1
2018-08-25,Webb City,0,Osage,0
2018-08-25,Dixon,2,Osage,10
2018-08-25,Farmington,3,Parkway West,2
2018-08-25,St. Michael the Archangel,0,Raytown South,5
2018-08-25,Nixa,0,Rock Bridge,1
2018-08-25,Kickapoo,2,Rock Bridge,6
2018-08-25,Pembroke Hill,0,Rockhurst,2
2018-08-25,Knob Noster,1,Sacred Heart,5
2018-08-25,Central (Cape Girardeau),3,Sikeston,0
2018-08-25,Willard,1,Savannah,1
2018-08-25,Republic,0,Springfield Catholic,1
2018-08-25,Lebanon,3,Webb City,4
2018-08-25,Pleasant Hill,2,Van Horn,9
2018-08-25,Fair Grove,0,West Plains,2
2018-08-27,Central (St. Joseph),7,Benton,0
2018-08-27,Maplewood-Richmond Hts.,1,Bishop DuBourg,1
2018-08-27,Pleasant Hill,0,Blue Springs,7
2018-08-27,North Kansas City,3,Blue Springs,1
2018-08-27,St. Michael the Archangel,1,Blue Springs South,6
2018-08-27,Whitfield,6,Brentwood,1
2018-08-27,Helias Catholic,3,Camdenton,1
2018-08-27,Winfield,3,Canton,4
2018-08-27,Northeast (Kansas City),0,Central (Kansas City),0
2018-08-27,Pattonville,1,Francis Howell North,2
2018-08-27,Fox,2,Ft. Zumwalt North,3
2018-08-27,Grain Valley,0,Harrisonville,0
2018-08-27,Timberland,0,Holt,4
2018-08-27,Chillicothe,2,Knob Noster,3
2018-08-27,Central (St. Joseph),6,Lafayette (St. Joseph),0
2018-08-27,Bishop LeBlond,1,Lafayette (St. Joseph),3
2018-08-27,Liberty (Wentzville),1,Lafayette (Wildwood),2
2018-08-27,Staley,1,Lee's Summit North,7
2018-08-27,Park Hill,0,Liberty,1
2018-08-27,Frontier STEM,0,Liberty North,8
2018-08-27,Perryville,0,Lindbergh,1
2018-08-27,Rockwood Summit,1,Mehlville,0
2018-08-27,Boonville,1,Mexico,5
2018-08-27,Bolivar,3,New Covenant Academy,2
2018-08-27,Raymore-Peculiar,0,Rockhurst,3
2018-08-27,Lutheran St. Charles,1,St. Charles,0
2018-08-27,Green Ridge,2,St. Paul Lutheran (Concordia),8
2018-08-27,St. Pius X (Kansas City),2,Summit Christian Academy,2
2018-08-27,St. Charles West,1,Trinity Catholic,2
2018-08-27,Warrenton,0,Troy Buchanan,1
2018-08-27,St. Pius X (Festus),4,Valley Park,1
2018-08-28,McDonald County,1,Aurora,1
2018-08-28,Lutheran (Kansas City),0,Barstow,5
2018-08-28,Lutheran South,3,Bayless,2
2018-08-28,Lafayette (St. Joseph),2,Benton,9
2018-08-28,Central (St. Joseph),10,Bishop LeBlond,0
2018-08-28,Bolivar,0,Branson,6
2018-08-28,Veritas Christian Academy,5,Brentwood,1
2018-08-28,Marshfield,0,Camdenton,2
2018-08-28,Ozark,6,Carl Junction,0
2018-08-28,Springfield Catholic,3,Carthage,2
2018-08-28,Thomas Jefferson Independent Day,0,Cassville,10
2018-08-28,Webster Groves,3,Farmington,1
2018-08-28,Battle,0,Father Tolton,1
2018-08-28,Duchesne,0,Francis Howell,10
2018-08-28,St. Clair,2,Fredericktown,6
2018-08-28,Hazelwood West,0,Ft. Zumwalt South,5
2018-08-28,Ritenour,1,Ft. Zumwalt West,10
2018-08-28,Fatima,3,Fulton,0
2018-08-28,Cleveland NJROTC,0,Gateway,10
2018-08-28,Fort Osage,1,Grandview,2
2018-08-28,Maplewood-Richmond Hts.,2,Hazelwood Central,0
2018-08-28,Waynesville,6,Hillcrest,0
2018-08-28,Richland,2,Iberia,0
2018-08-28,Webster Groves,2,Jackson,3
2018-08-28,MICDS,2,John Burroughs,1
2018-08-28,Monett,3,Joplin,1
2018-08-28,Cole Camp,4,Knob Noster,0
2018-08-28,Dixon,0,Laquey,10
2018-08-28,Crocker,2,Lebanon,3
2018-08-28,Savannah,0,Lincoln College Prep,5
2018-08-28,Principia,5,Lutheran North,0
2018-08-28,Lone Jack,2,Maryville,10
2018-08-28,Trinity Catholic,8,McCluer,1
2018-08-28,Fair Grove,2,McDonald County,3
2018-08-28,Roosevelt,1,McKinley Classical Leadership,6
2018-08-28,Carnahan,0,Metro,8
2018-08-28,Kickapoo,2,Nixa,1
2018-08-28,Van Horn,2,North Kansas City,0
2018-08-28,Affton,4,Northwest (Cedar Hill),6
2018-08-28,Clinton,1,Oak Grove,2
2018-08-28,Raytown,1,Oak Park,2
2018-08-28,Warrensburg,0,Odessa,1
2018-08-28,Southern Boone,4,Osage,0
2018-08-28,Ladue Horton Watkins,4,Parkway Central,2
2018-08-28,Ft. Zumwalt East,2,Parkway North,0
2018-08-28,De Smet Jesuit,3,Parkway South,0
2018-08-28,Kirkwood,0,Parkway West,1
2018-08-28,Windsor (Imperial),1,Perryville,3
2018-08-28,La Monte,0,Platte County,10
2018-08-28,Union,1,Poplar Bluff,2
2018-08-28,Westminster Christian Academy,2,Priory,4
2018-08-28,St. Charles,3,Raytown South,2
2018-08-28,Hickman,0,Rock Bridge,4
2018-08-28,Smithton,1,Rock Bridge,2
2018-08-28,Pembroke Hill,0,Rockhurst,2
2018-08-28,Pacific,0,Rolla,7
2018-08-28,Excelsior Springs,9,Ruskin,1
2018-08-28,Northland Christian,2,Sacred Heart,6
2018-08-28,Marquette,3,SLUH,2
2018-08-28,Collegiate School of Med-Bio Science,3,Soldan International Studies,13
2018-08-28,Missouri Military Academy,2,St. Charles,0
2018-08-28,Washington,2,Webb City,1
2018-08-28,St. Paul Lutheran (Farmington),0,University City,10
2018-08-28,Eureka,0,Vianney,1
2018-08-28,Greenwood,2,West Plains,7
2018-08-28,Clayton,6,Whitfield,1
2018-08-28,Logan-Rogersville,1,Willard,6
2018-08-28,William Chrisman,4,Winnetonka,0
2018-08-29,Raymore-Peculiar,4,Belton,1
2018-08-29,Blue Springs South,3,Blue Springs,0
2018-08-29,Lafayette (Wildwood),3,Francis Howell North,0
2018-08-29,Francis Howell,3,Ft. Zumwalt South,1
2018-08-29,McKinley Classical Leadership,1,Gateway,2
2018-08-29,Liberty North,1,Grain Valley,0
2018-08-29,Excelsior Springs,0,Grandview,2
2018-08-29,Frontier STEM,1,Harrisonville,10
2018-08-29,Duchesne,1,Hazelwood West,4
2018-08-29,Savannah,0,Lincoln College Prep,5
2018-08-29,William Chrisman,2,Lincoln College Prep,0
2018-08-29,Christian Brothers College,3,Lindbergh,2
2018-08-29,Timberland,0,Mehlville,3
2018-08-29,Soldan International Studies,3,Metro,4
2018-08-29,Marshall,10,Moberly,0
2018-08-29,Windsor (Imperial),2,North County,1
2018-08-29,St. Clair,1,Pacific,5
2018-08-29,East (Kansas City),1,Park Hill,4
2018-08-29,Liberty (Wentzville),3,Pattonville,0
2018-08-29,Webster Groves,4,Perryville,0
2018-08-29,La Monte,0,Platte County,10
2018-08-29,St. Michael the Archangel,3,Pleasant Hill,2
2018-08-29,St. Charles,3,Raytown South,2
2018-08-29,Holt,1,Rockwood Summit,1
2018-08-29,Fort Osage,7,Ruskin,0
2018-08-29,Winnetonka,2,Savannah,5
2018-08-29,Staley,5,Smithville,1
2018-08-29,Union,1,St. Francis Borgia,5
2018-08-29,St. Charles West,7,Warrenton,0
2018-08-30,Fair Grove,2,Aurora,2
2018-08-30,Crossroads College Preparatory,0,Bayless,6
2018-08-30,Lebanon,6,Belle,0
2018-08-30,Oak Park,0,Belton,2
2018-08-30,Bishop LeBlond,2,Benton,3
2018-08-30,Valley Park,4,Bishop DuBourg,5
2018-08-30,Southern Boone,7,Boonville,1
2018-08-30,New Covenant Academy,3,Cassville,2
2018-08-30,Notre Dame (Cape Girardeau),2,Central (Cape Girardeau),0
2018-08-30,Cristo Rey,7,Central (Kansas City),1
2018-08-30,Marquette,0,De Smet Jesuit,3
2018-08-30,Oakville,2,Farmington,3
2018-08-30,University City,3,Festus,0
2018-08-30,Lutheran St. Charles,2,Fox,0
2018-08-30,Chaminade College Prep,2,Francis Howell Central,1
2018-08-30,Missouri Military Academy,3,Ft. Zumwalt North,4
2018-08-30,Ft. Zumwalt East,0,Ft. Zumwalt West,2
2018-08-30,Clinton,5,Green Ridge,0
2018-08-30,Northeast (Kansas City),0,Guadalupe Centers Charter,6
2018-08-30,Duchesne,1,Hazelwood West,3
2018-08-30,Sikeston,0,Jackson,3
2018-08-30,Chillicothe,0,Kirksville,6
2018-08-30,Lutheran (Kansas City),3,La Monte,1
2018-08-30,Parkway West,0,Ladue Horton Watkins,2
2018-08-30,Bishop LeBlond,2,Lafayette (St. Joseph),3
2018-08-30,Lee's Summit West,2,Lee's Summit,3
2018-08-30,Liberty,0,Lee's Summit North,3
2018-08-30,Excelsior Springs,4,Lincoln College Prep,5
2018-08-30,Northland Christian,0,Lone Jack,10
2018-08-30,Hillsboro,1,Lutheran South,2
2018-08-30,St. Pius X (Festus),3,Maplewood-Richmond Hts.,0
2018-08-30,Sacred Heart,1,Maryville,2
2018-08-30,Fair Grove,2,McDonald County,3
2018-08-30,Fulton,3,Mexico,7
2018-08-30,Marshfield,0,Monett,3
2018-08-30,Carl Junction,0,Nixa,3
2018-08-30,Perryville,2,North County,4
2018-08-30,Raytown South,0,North Kansas City,3
2018-08-30,Knob Noster,0,Odessa,4
2018-08-30,Glendale,0,Ozark,3
2018-08-30,Staley,2,Park Hill,1
2018-08-30,Ritenour,2,Parkway North,1
2018-08-30,Barstow,1,Platte County,2
2018-08-30,Savannah,1,Republic,0
2018-08-30,Winnetonka,3,Ruskin,0
2018-08-30,Fort Osage,3,Savannah,1
2018-08-30,East (Kansas City),4,Smithville,1
2018-08-30,Troy Buchanan,5,St. Charles,0
2018-08-30,Webb City,5,St. Clair,1
2018-08-30,Veritas Christian Academy,2,Trinity Catholic,5
2018-08-30,Van Horn,3,St. Charles,1
2018-08-30,Center,5,Warrensburg,1
2018-08-30,St. Charles West,7,Warrenton,0
2018-08-30,Carthage,3,Webb City,0
2018-08-30,Joplin,1,Willard,4
2018-08-30,Grandview,0,William Chrisman,1
2018-08-30,Webster Groves,0,Windsor (Imperial),0
2018-08-30,Orchard Farm,9,Winfield,0
2018-08-31,Brentwood,2,Affton,7
2018-08-31,Fair Grove,2,Aurora,2
2018-08-31,McDonald County,1,Aurora,1
2018-08-31,Lebanon,6,Belle,0
2018-08-31,New Covenant Academy,3,Cassville,2
2018-08-31,Liberty (Wentzville),1,Francis Howell North,0
2018-08-31,Metro,0,Gateway,5
2018-08-31,Carthage,1,Harrisonville,0
2018-08-31,Central (Cape Girardeau),0,Jackson,2
2018-08-31,Parkway South,7,Kirkwood,1
2018-08-31,Clayton,6,Northwest (Cedar Hill),1
2018-08-31,Parkway West,1,Parkway Central,0
2018-08-31,Sikeston,2,Poplar Bluff,1
2018-08-31,Glendale,1,SLUH,2
2018-08-31,Pembroke Hill,1,Springfield Catholic,2
2018-08-31,Whitfield,4,Valley Park,1
2018-09-01,Cassville,0,Aurora,3
2018-09-01,Sacred Heart,2,Barstow,5
2018-09-01,Lutheran North,0,Bayless,4
2018-09-01,Chaminade College Prep,2,Christian Brothers College,1
2018-09-01,Glendale,1,De Smet Jesuit,0
2018-09-01,Thomas Jefferson Independent Day,0,Fair Grove,6
2018-09-01,Notre Dame (Cape Girardeau),0,Jackson,1
2018-09-01,Westminster Christian Academy,0,John Burroughs,3
2018-09-01,Pembroke Hill,1,Kickapoo,2
2018-09-01,Northland Christian,2,La Monte,3
2018-09-01,Lutheran (Kansas City),0,Lone Jack,4
2018-09-01,Principia,3,Lutheran South,5
2018-09-01,Platte County,4,Maryville,3
2018-09-01,New Covenant Academy,2,McDonald County,1
2018-09-01,Priory,2,MICDS,1
2018-09-01,Thomas Jefferson Independent Day,0,New Covenant Academy,4
2018-09-01,Central (Cape Girardeau),7,Poplar Bluff,2
2018-09-01,St. Dominic,0,Vianney,2
2018-09-03,Missouri Military Academy,10,Fulton,5
2018-09-03,St. Dominic,3,Holt,2
2018-09-03,Cassville,2,Laquey,6
2018-09-04,Richland,3,Belle,1
2018-09-04,Lee's Summit West,4,Belton,0
2018-09-04,St. Pius X (Kansas City),1,Blue Springs South,9
2018-09-04,Fulton,2,Boonville,3
2018-09-04,Grandview,0,Center,4
2018-09-04,Farmington,10,Central (Cape Girardeau),2
2018-09-04,Lafayette (St. Joseph),0,Chillicothe,3
2018-09-04,Osage,2,Cole Camp,0
2018-09-04,St. Francis Borgia,2,Duchesne,1
2018-09-04,Warrenton,0,Eureka,10
2018-09-04,St. Clair,1,Fatima,2
2018-09-04,Francis Howell Central,2,Ft. Zumwalt South,1
2018-09-04,Oakville,6,Ft. Zumwalt West,2
2018-09-04,Gateway Science Charter,1,Gateway,2
2018-09-04,Kirksville,3,Hannibal,5
2018-09-04,Excelsior Springs,1,Harrisonville,3
2018-09-04,Hazelwood West,3,Hazelwood Central,2
2018-09-04,North Technical,5,Hazelwood East,2
2018-09-04,Rock Bridge,10,Helias Catholic,2
2018-09-04,Parkview,10,Hillcrest,0
2018-09-04,St. Dominic,3,Holt,2
2018-09-04,Hickman,0,Jefferson City,2
2018-09-04,Smithville,1,Kearney,2
2018-09-04,Pattonville,0,Kirkwood,3
2018-09-04,Westminster Christian Academy,0,Ladue Horton Watkins,1
2018-09-04,Greenwood,3,Laquey,2
2018-09-04,West Plains,2,Lebanon,0
2018-09-04,Rockhurst,1,Lee's Summit,0
2018-09-04,Ft. Zumwalt East,0,Lindbergh,5
2018-09-04,Bolivar,0,Logan-Rogersville,3
2018-09-04,Lutheran St. Charles,4,Lutheran North,2
2018-09-04,Hancock,5,Maplewood-Richmond Hts.,6
2018-09-04,Lafayette (Wildwood),1,Marquette,2
2018-09-04,Mexico,1,Marshall,6
2018-09-04,McCluer,1,McCluer North,0
2018-09-04,Lift for Life Academy Charter,0,Metro,10
2018-09-04,Battle,10,Moberly,2
2018-09-04,Carthage,3,Neosho,2
2018-09-04,Aurora,1,New Covenant Academy,4
2018-09-04,Webster Groves,2,North County,0
2018-09-04,East (Kansas City),6,Northeast (Kansas City),2
2018-09-04,Branson,0,Ozark,4
2018-09-04,Liberty,1,Park Hill South,2
2018-09-04,Northwest (Cedar Hill),0,Parkway West,3
2018-09-04,Van Horn,4,Pembroke Hill,5
2018-09-04,North County,0,Perryville,3
2018-09-04,Liberty North,2,Platte County,1
2018-09-04,Odessa,0,Pleasant Hill,4
2018-09-04,Vianney,1,Priory,0
2018-09-04,Fort Osage,1,Raymore-Peculiar,5
2018-09-04,Blue Springs,3,Raytown,2
2018-09-04,Nixa,4,Republic,1
2018-09-04,Ft. Zumwalt North,7,Ritenour,2
2018-09-04,Willard,1,Rock Bridge,0
2018-09-04,Washington,2,Rolla,1
2018-09-04,St. Michael the Archangel,0,Savannah,1
2018-09-04,Marshfield,0,Springfield Catholic,6
2018-09-04,Orchard Farm,0,St. Charles West,1
2018-09-04,Affton,4,St. Pius X (Festus),3
2018-09-04,Oak Park,2,Staley,3
2018-09-04,Green Ridge,2,Summit Christian Academy,3
2018-09-04,MICDS,2,Trinity Catholic,1
2018-09-04,Winfield,0,Troy Buchanan,10
2018-09-04,William Chrisman,1,St. Charles,4
2018-09-04,Clayton,10,University City,0
2018-09-04,Festus,0,Valley Park,3
2018-09-04,Union,2,Waynesville,0
2018-09-04,Mehlville,2,Webster Groves,3
2018-09-04,Bishop DuBourg,0,Whitfield,1
2018-09-04,Webb City,2,Willard,4
2018-09-04,Liberty (Wentzville),5,Windsor (Imperial),1
2018-09-04,North Kansas City,8,Winnetonka,0
2018-09-05,Whitfield,0,Bayless,2
2018-09-05,Sacred Heart,2,Clinton,6
2018-09-05,Hickman,0,De Smet Jesuit,9
2018-09-05,Brentwood,0,DeSoto,7
2018-09-05,Troy Buchanan,0,Francis Howell,10
2018-09-05,Lift for Life Academy Charter,1,Hazelwood East,3
2018-09-05,Lincoln College Prep,3,Helias Catholic,5
2018-09-05,Lutheran South,0,John Burroughs,5
2018-09-05,Camdenton,1,Kickapoo,4
2018-09-05,Chaminade College Prep,2,Ladue Horton Watkins,1
2018-09-05,Raymore-Peculiar,3,Liberty North,2
2018-09-05,Veritas Christian Academy,1,Lutheran St. Charles,4
2018-09-05,Seckman,0,Marquette,5
2018-09-05,North Technical,0,McCluer North,8
2018-09-05,Northland Christian,0,Oak Grove,5
2018-09-05,Windsor (Imperial),5,Pacific,2
2018-09-05,Hazelwood West,2,Parkway North,0
2018-09-05,Affton,0,Parkway South,9
2018-09-05,St. Paul Lutheran (Concordia),1,Raytown,2
2018-09-05,Parkway Central,0,Rockwood Summit,3
2018-09-05,Warrenton,1,Rolla,11
2018-09-05,Missouri Military Academy,0,Southern Boone,10
2018-09-05,St. Francis Borgia,8,St. Clair,2
2018-09-05,Union,3,Webb City,7
2018-09-06,Mexico,0,Battle,5
2018-09-06,Whitfield,0,Bayless,2
2018-09-06,Lee's Summit,6,Belton,1
2018-09-06,Rockhurst,2,Blue Springs South,1
2018-09-06,Camdenton,3,Bolivar,1
2018-09-06,Hancock,1,Brentwood,2
2018-09-06,Gateway,10,Carnahan,0
2018-09-06,Glendale,0,Carthage,2
2018-09-06,New Covenant Academy,3,Cassville,2
2018-09-06,East (Kansas City),10,Central (Kansas City),0
2018-09-06,Kickapoo,3,Central (Springfield),0
2018-09-06,Excelsior Springs,4,Chillicothe,2
2018-09-06,Maplewood-Richmond Hts.,0,Clayton,8
2018-09-06,St. Paul Lutheran (Concordia),2,Clinton,0
2018-09-06,Metro,4,Collegiate School of Med-Bio Science,1
2018-09-06,Richland,1,Crocker,4
2018-09-06,Lift for Life Academy Charter,0,Crossroads College Preparatory,8
2018-09-06,Fatima,3,Dixon,2
2018-09-06,Bishop DuBourg,2,Duchesne,3
2018-09-06,Washington,0,Eureka,2
2018-09-06,Laquey,4,Fair Grove,2
2018-09-06,De Smet Jesuit,7,Farmington,1
2018-09-06,Mehlville,8,Fox,1
2018-09-06,Francis Howell,4,Francis Howell Central,0
2018-09-06,Ft. Zumwalt North,0,Ft. Zumwalt South,3
2018-09-06,Vianney,2,Ft. Zumwalt West,0
2018-09-06,Branson,3,Greenwood,1
2018-09-06,Marshfield,5,Hillcrest,1
2018-09-06,Ft. Zumwalt East,0,Holt,9
2018-09-06,St. Pius X (Festus),2,John Burroughs,4
2018-09-06,Webb City,7,Joplin,4
2018-09-06,Platte County,2,Kearney,1
2018-09-06,Moberly,1,Kirksville,11
2018-09-06,Green Ridge,3,Knob Noster,3
2018-09-06,Kirkwood,0,Lafayette (Wildwood),1
2018-09-06,Logan-Rogersville,7,Lebanon,1
2018-09-06,St. Pius X (Kansas City),0,Lee's Summit West,2
2018-09-06,St. Dominic,1,Lindbergh,1
2018-09-06,Northland Christian,4,Lone Jack,5
2018-09-06,Savannah,1,Marshall,0
2018-09-06,Ritenour,7,McCluer,1
2018-09-06,Carl Junction,4,McDonald County,3
2018-09-06,Nixa,4,Monett,2
2018-09-06,Aurora,2,Neosho,5
2018-09-06,Webster Groves,3,North County,0
2018-09-06,Hazelwood Central,2,Northwest (Cedar Hill),4
2018-09-06,Lone Jack,1,Oak Grove,5
2018-09-06,Priory,5,Oakville,1
2018-09-06,Winnetonka,3,Odessa,2
2018-09-06,Springfield Catholic,2,Ozark,0
2018-09-06,Liberty (Wentzville),6,Pacific,0
2018-09-06,Rockwood Summit,1,Parkway West,0
2018-09-06,Webb City,1,Perryville,5
2018-09-06,Harrisonville,5,Pleasant Hill,0
2018-09-06,Gateway Science Charter,2,Poplar Bluff,3
2018-09-06,Sacred Heart,3,Raytown,2
2018-09-06,Central (St. Joseph),0,Raytown South,1
2018-09-06,Cleveland NJROTC,0,Roosevelt,9
2018-09-06,Grandview,3,Ruskin,0
2018-09-06,Benton,2,Savannah,4
2018-09-06,Fredericktown,0,Sikeston,1
2018-09-06,Webster Groves,0,SLUH,1
2018-09-06,Grain Valley,0,Smithville,3
2018-09-06,Waynesville,1,Soldan International Studies,11
2018-09-06,Winfield,0,St. Charles,6
2018-09-06,Pattonville,1,St. Charles West,3
2018-09-06,Father Tolton,1,St. Francis Borgia,3
2018-09-06,North Kansas City,2,Staley,0
2018-09-06,Osage,10,Willard,0
2018-09-06,Francis Howell North,0,Timberland,1
2018-09-06,Seckman,0,Troy Buchanan,1
2018-09-06,Hazelwood East,1,University City,6
2018-09-06,Orchard Farm,2,Warrenton,0
2018-09-06,Republic,3,West Plains,2
2018-09-06,Lutheran North,1,Westminster Christian Academy,6
2018-09-06,Waynesville,0,Willard,3
2018-09-06,Fort Osage,8,William Chrisman,9
2018-09-07,Hillsboro,5,Battle,0
2018-09-07,Oak Park,3,Blue Springs,2
2018-09-07,Summit Christian Academy,2,Boonville,0
2018-09-07,Marshfield,4,Cassville,1
2018-09-07,Liberty (Wentzville),1,Eureka,2
2018-09-07,Marshfield,6,Hillcrest,1
2018-09-07,St. Pius X (Festus),2,John Burroughs,4
2018-09-07,Warrensburg,3,Knob Noster,1
2018-09-07,Ladue Horton Watkins,1,MICDS,2
2018-09-07,Hillcrest,0,New Covenant Academy,4
2018-09-07,Lone Jack,1,Oak Grove,5
2018-09-07,St. Michael the Archangel,2,Park Hill South,9
2018-09-07,Francis Howell North,2,Ritenour,0
2018-09-07,Pacific,0,Rolla,6
2018-09-07,Parkway North,1,Seckman,2
2018-09-07,Lutheran South,1,Veritas Christian Academy,9
2018-09-07,Windsor (Imperial),1,Washington,0
2018-09-07,Parkway Central,3,Westminster Christian Academy,0
2018-09-08,St. Pius X (Kansas City),1,Belton,3
2018-09-08,Lee's Summit,4,Blue Springs South,1
2018-09-08,Warrensburg,0,Boonville,0
2018-09-08,Knob Noster,0,Boonville,0
2018-09-08,Maryville,2,Chillicothe,0
2018-09-08,Raytown,0,Clinton,1
2018-09-08,Francis Howell Central,0,De Smet Jesuit,4
2018-09-08,Priory,1,Ft. Zumwalt West,2
2018-09-08,New Covenant Academy,4,Hillcrest,0
2018-09-08,Springfield Catholic,2,Kickapoo,1
2018-09-08,Summit Christian Academy,8,Knob Noster,0
2018-09-08,Rockhurst,0,Lee's Summit West,0
2018-09-08,Holt,0,Lindbergh,3
2018-09-08,Excelsior Springs,1,Maryville,1
2018-09-08,Vianney,1,Oakville,0
2018-09-08,Rock Bridge,0,SLUH,1
2018-09-08,Ft. Zumwalt East,0,St. Dominic,6
2018-09-08,Father Tolton,3,Webster Groves,2
2018-09-08,Sacred Heart,0,St. Paul Lutheran (Concordia),1
2018-09-08,Summit Christian Academy,3,Warrensburg,0
2018-09-10,Lutheran South,7,Affton,0
2018-09-10,Monett,5,Aurora,1
2018-09-10,Pleasant Hill,2,Belton,2
2018-09-10,Hazelwood East,0,Brentwood,5
2018-09-10,Park Hill South,3,Central (St. Joseph),0
2018-09-10,Odessa,0,Clinton,1
2018-09-10,Belle,2,Dixon,5
2018-09-10,Lutheran (Kansas City),1,Excelsior Springs,2
2018-09-10,Crocker,2,Fatima,3
2018-09-10,Platte County,2,Fort Osage,0
2018-09-10,Lindbergh,0,Francis Howell,3
2018-09-10,St. Charles,0,Ft. Zumwalt East,1
2018-09-10,Warrenton,0,Ft. Zumwalt North,10
2018-09-10,Eureka,1,Ft. Zumwalt South,5
2018-09-10,East (Kansas City),0,Grandview,2
2018-09-10,St. Pius X (Kansas City),1,Harrisonville,5
2018-09-10,Orchard Farm,2,Hazelwood Central,0
2018-09-10,Lutheran St. Charles,8,Hazelwood East,0
2018-09-10,Sacred Heart,0,Helias Catholic,7
2018-09-10,Southern Boone,0,Jefferson City,1
2018-09-10,Francis Howell Central,3,Kirkwood,0
2018-09-10,Lincoln College Prep,10,Lafayette (St. Joseph),0
2018-09-10,St. Charles,1,Liberty North,3
2018-09-10,Hazelwood West,1,Maplewood-Richmond Hts.,0
2018-09-10,Cassville,1,Marshfield,2
2018-09-10,North Technical,1,McCluer,9
2018-09-10,McKinley Classical Leadership,7,Metro,4
2018-09-10,Moberly,2,Mexico,6
2018-09-10,Van Horn,6,Northeast (Kansas City),0
2018-09-10,Savannah,7,Northland Christian,0
2018-09-10,Guadalupe Centers Charter,6,Oak Grove,2
2018-09-10,Blue Springs South,3,Park Hill,2
2018-09-10,Lee's Summit North,2,Raymore-Peculiar,1
2018-09-10,Ruskin,0,Raytown South,6
2018-09-10,Parkway South,7,Ritenour,0
2018-09-10,Pattonville,3,Seckman,2
2018-09-10,Union,5,St. Clair,2
2018-09-10,Veritas Christian Academy,0,St. Dominic,8
2018-09-10,Northwest (Cedar Hill),3,St. Francis Borgia,2
2018-09-10,St. Michael the Archangel,4,St. Paul Lutheran (Concordia),2
2018-09-10,Liberty,2,Staley,1
2018-09-10,Knob Noster,2,Willard,3
2018-09-10,Lutheran North,2,University City,3
2018-09-10,Liberty (Wentzville),2,Washington,0
2018-09-11,Boonville,0,Battle,5
2018-09-11,Lafayette (St. Joseph),0,Belton,10
2018-09-11,Republic,4,Branson,3
2018-09-11,Nixa,0,Carthage,1
2018-09-11,Fair Grove,2,Cassville,1
2018-09-11,Cristo Rey,3,Center,2
2018-09-11,Webb City,2,Central (Springfield),3
2018-09-11,Rockwood Summit,0,Chaminade College Prep,3
2018-09-11,Raytown South,4,Chillicothe,0
2018-09-11,Vianney,0,Christian Brothers College,0
2018-09-11,Lone Jack,1,Clinton,4
2018-09-11,Brentwood,7,Crossroads College Preparatory,1
2018-09-11,SLUH,0,De Smet Jesuit,2
2018-09-11,Perryville,4,Festus,0
2018-09-11,Parkway West,2,Fox,0
2018-09-11,Ft. Zumwalt West,0,Francis Howell,2
2018-09-11,Holt,2,Francis Howell North,0
2018-09-11,Washington,1,Ft. Zumwalt North,0
2018-09-11,Marshall,8,Fulton,1
2018-09-11,Camdenton,0,Glendale,10
2018-09-11,Winnetonka,0,Grain Valley,1
2018-09-11,Guadalupe Centers Charter,0,Grandview,0
2018-09-11,St. Pius X (Kansas City),1,Harrisonville,5
2018-09-11,DeSoto,2,Hillsboro,3
2018-09-11,Crocker,10,Iberia,1
2018-09-11,Neosho,2,Joplin,1
2018-09-11,Mexico,1,Kirksville,7
2018-09-11,Kickapoo,7,Lebanon,1
2018-09-11,Ft. Zumwalt South,4,Liberty (Wentzville),1
2018-09-11,Pleasant Hill,0,Lincoln College Prep,2
2018-09-11,Webster Groves,0,Marquette,1
2018-09-11,Hannibal,4,Moberly,1
2018-09-11,Carl Junction,2,Monett,5
2018-09-11,Laquey,4,New Covenant Academy,2
2018-09-11,Farmington,8,North County,0
2018-09-11,East (Kansas City),3,Oak Grove,0
2018-09-11,William Chrisman,0,Oak Park,4
2018-09-11,Webster Groves,0,Oakville,4
2018-09-11,Affton,2,Pacific,3
2018-09-11,Rolla,2,Parkview,0
2018-09-11,Hazelwood West,3,Parkway Central,4
2018-09-11,Lafayette (Wildwood),0,Parkway South,1
2018-09-11,Westminster Christian Academy,0,Priory,4
2018-09-11,Dixon,3,Richland,2
2018-09-11,Hazelwood Central,0,Ritenour,1
2018-09-11,Benton,2,Savannah,4
2018-09-11,Central (Cape Girardeau),2,Sikeston,0
2018-09-11,La Monte,0,Smithton,4
2018-09-11,Kearney,3,Smithville,0
2018-09-11,Logan-Rogersville,3,Springfield Catholic,2
2018-09-11,Lutheran St. Charles,3,St. Francis Borgia,2
2018-09-11,Green Ridge,4,Willard,3
2018-09-11,Ft. Zumwalt East,1,Timberland,4
2018-09-11,Francis Howell Central,2,Troy Buchanan,3
2018-09-11,Webb City,4,Valley Park,1
2018-09-11,Excelsior Springs,1,Van Horn,5
2018-09-11,Savannah,10,Warrensburg,0
2018-09-11,West Plains,1,Waynesville,4
2018-09-11,Ozark,7,Willard,3
2018-09-11,St. Pius X (Festus),1,Windsor (Imperial),0
2018-09-11,St. Charles West,10,Winfield,0
2018-09-12,Lincoln College Prep,3,Belton,1
2018-09-12,St. Michael the Archangel,2,Blue Springs,1
2018-09-12,Lee's Summit West,2,Blue Springs South,1
2018-09-12,Cleveland NJROTC,1,Cardinal Ritter,7
2018-09-12,Frontier STEM,10,Central (Kansas City),1
2018-09-12,Ruskin,0,Chillicothe,3
2018-09-12,Pattonville,1,Clayton,6
2018-09-12,Parkview,1,Fair Grove,0
2018-09-12,Bayless,3,Fox,0
2018-09-12,North County,2,Fredericktown,3
2018-09-12,East (Kansas City),1,Guadalupe Centers Charter,4
2018-09-12,Lift for Life Academy Charter,0,Hancock,10
2018-09-12,Lutheran North,4,Hazelwood Central,3
2018-09-12,North Technical,2,Hazelwood East,1
2018-09-12,Seckman,0,Jackson,5
2018-09-12,Ladue Horton Watkins,3,John Burroughs,0
2018-09-12,Ozark,3,Kickapoo,0
2018-09-12,Pleasant Hill,5,Lafayette (St. Joseph),2
2018-09-12,Central (St. Joseph),0,Lee's Summit,7
2018-09-12,St. Charles,2,Liberty,3
2018-09-12,Whitfield,1,Lutheran South,2
2018-09-12,Lutheran St. Charles,1,McCluer,2
2018-09-12,McKinley Classical Leadership,7,Metro,4
2018-09-12,Excelsior Springs,2,Northeast (Kansas City),3
2018-09-12,Lutheran (Kansas City),1,Northeast (Kansas City),4
2018-09-12,Grandview,5,Oak Grove,2
2018-09-12,Staley,0,Park Hill South,7
2018-09-12,Westminster Christian Academy,7,Parkway North,0
2018-09-12,Parkway South,2,Parkway West,0
2018-09-12,Sikeston,1,Perryville,3
2018-09-12,Park Hill,3,Raymore-Peculiar,2
2018-09-12,West Plains,3,Raytown South,0
2018-09-12,Cole Camp,3,Rock Bridge,2
2018-09-12,Jefferson City,4,Rolla,3
2018-09-12,Hickman,0,Savannah,1
2018-09-12,Duchesne,1,St. Charles West,4
2018-09-12,Webster Groves,1,St. Dominic,0
2018-09-12,Festus,0,St. Pius X (Festus),4
2018-09-12,Orchard Farm,5,University City,2
2018-09-12,Lutheran (Kansas City),1,Van Horn,9
2018-09-12,Winfield,0,Veritas Christian Academy,10
2018-09-12,Mehlville,4,Windsor (Imperial),0
2018-09-13,Clayton,5,Affton,0
2018-09-13,West Plains,3,Branson,5
2018-09-13,Hazelwood East,0,Brentwood,5
2018-09-13,Waynesville,3,Camdenton,2
2018-09-13,Poplar Bluff,2,Central (Cape Girardeau),3
2018-09-13,De Smet Jesuit,1,Christian Brothers College,1
2018-09-13,Center,0,Clinton,1
2018-09-13,Smithton,2,Cole Camp,3
2018-09-13,New Covenant Academy,3,Dixon,0
2018-09-13,Willard,0,Fair Grove,10
2018-09-13,St. Dominic,3,Father Tolton,2
2018-09-13,Webb City,5,Festus,2
2018-09-13,Oak Park,1,Fort Osage,2
2018-09-13,Windsor (Imperial),2,Fox,1
2018-09-13,Francis Howell North,0,Francis Howell,4
2018-09-13,Holt,2,Francis Howell Central,0
2018-09-13,Timberland,1,Ft. Zumwalt South,5
2018-09-13,Troy Buchanan,0,Ft. Zumwalt West,1
2018-09-13,Sacred Heart,3,Green Ridge,2
2018-09-13,McKinley Classical Leadership,1,Hancock,4
2018-09-13,Odessa,0,Harrisonville,6
2018-09-13,St. Francis Borgia,2,Helias Catholic,3
2018-09-13,Bolivar,9,Hillcrest,0
2018-09-13,Laquey,10,Iberia,0
2018-09-13,Grain Valley,0,Kearney,1
2018-09-13,Moberly,0,Kirksville,10
2018-09-13,Ft. Zumwalt North,1,Liberty (Wentzville),5
2018-09-13,Van Horn,7,Lincoln College Prep,1
2018-09-13,Webb City,2,Logan-Rogersville,3
2018-09-13,Warrensburg,3,Lone Jack,4
2018-09-13,Lindbergh,3,Marquette,1
2018-09-13,Boonville,0,Marshall,7
2018-09-13,Bishop LeBlond,0,Maryville,8
2018-09-13,Lafayette (Wildwood),2,Mehlville,3
2018-09-13,Fatima,3,Mexico,4
2018-09-13,Priory,5,MICDS,0
2018-09-13,McDonald County,2,Monett,3
2018-09-13,Nixa,3,Neosho,1
2018-09-13,William Chrisman,0,North Kansas City,2
2018-09-13,Farmington,3,Notre Dame (Cape Girardeau),1
2018-09-13,Ladue Horton Watkins,1,Oakville,0
2018-09-13,Fulton,0,Osage,4
2018-09-13,Parkway Central,5,Parkway North,1
2018-09-13,Hillsboro,0,Perryville,5
2018-09-13,Winnetonka,0,Platte County,5
2018-09-13,Parkview,0,Republic,7
2018-09-13,Hazelwood West,2,Ritenour,1
2018-09-13,Kirkwood,0,Rockwood Summit,3
2018-09-13,Vianney,1,SLUH,0
2018-09-13,Knob Noster,2,St. Paul Lutheran (Concordia),10
2018-09-13,Guadalupe Centers Charter,3,West Plains,0
2018-09-13,Gateway Science Charter,0,Union,5
2018-09-13,Bayless,4,Valley Park,0
2018-09-13,Duchesne,5,Veritas Christian Academy,3
2018-09-13,St. Charles,3,Warrenton,4
2018-09-13,Eureka,0,Webster Groves,4
2018-09-13,Carl Junction,0,Willard,2
2018-09-14,Crossroads College Preparatory,1,Barstow,4
2018-09-14,Pembroke Hill,1,Bayless,3
2018-09-14,Parkview,1,Blue Springs,0
2018-09-14,Central (Springfield),0,Carthage,2
2018-09-14,Ft. Zumwalt West,0,Chaminade College Prep,3
2018-09-14,Green Ridge,0,Crocker,4
2018-09-14,Cristo Rey,1,Frontier STEM,0
2018-09-14,Washington,3,Ft. Zumwalt East,1
2018-09-14,St. Michael the Archangel,2,Greenwood,0
2018-09-14,Hazelwood East,2,Hazelwood Central,6
2018-09-14,Southern Boone,1,John Burroughs,4
2018-09-14,Republic,5,Joplin,1
2018-09-14,Pattonville,0,Lindbergh,3
2018-09-14,Lebanon,2,Marshfield,6
2018-09-14,Orchard Farm,6,McCluer,1
2018-09-14,Lift for Life Academy Charter,0,Metro,7
2018-09-14,Whitfield,0,MICDS,5
2018-09-14,Missouri Military Academy,2,Monett,5
2018-09-14,Lutheran North,7,North Technical,0
2018-09-14,Branson,2,Northwest (Cedar Hill),5
2018-09-14,Liberty North,1,Ozark,3
2018-09-14,Battle,2,Parkview,1
2018-09-14,North Kansas City,4,Raytown,0
2018-09-14,Christian Brothers College,3,Seckman,0
2018-09-14,Missouri Military Academy,3,Seckman,2
2018-09-14,Bishop DuBourg,0,Springfield Catholic,10
2018-09-14,La Monte,1,St. Paul Lutheran (Concordia),9
2018-09-14,Trinity Catholic,0,St. Pius X (Festus),5
2018-09-14,Lutheran St. Charles,5,University City,2
2018-09-14,DeSoto,4,Valley Park,1
2018-09-14,Willard,1,Webb City,0
2018-09-14,Neosho,1,West Plains,4
2018-09-14,Parkway West,0,Westminster Christian Academy,1
2018-09-15,Thomas Jefferson Independent Day,2,Aurora,7
2018-09-15,Principia,7,Barstow,3
2018-09-15,Greenwood,2,Bishop DuBourg,3
2018-09-15,Marshfield,2,Blue Springs,3
2018-09-15,Lebanon,1,Blue Springs,6
2018-09-15,Republic,0,Branson,1
2018-09-15,Liberty North,0,Carthage,3
2018-09-15,Ozark,1,Carthage,0
2018-09-15,Liberty North,5,Central (Springfield),2
2018-09-15,SLUH,0,Christian Brothers College,4
2018-09-15,Missouri Military Academy,4,Christian Brothers College,3
2018-09-15,Neosho,8,Crocker,0
2018-09-15,Vianney,1,De Smet Jesuit,0
2018-09-15,Webster Groves,2,Father Tolton,0
2018-09-15,Neosho,6,Green Ridge,0
2018-09-15,Union,2,Hancock,0
2018-09-15,Pembroke Hill,1,John Burroughs,3
2018-09-15,Branson,4,Joplin,1
2018-09-15,Northwest (Cedar Hill),5,Joplin,1
2018-09-15,Mexico,2,Kirksville,5
2018-09-15,Timberland,0,Liberty (Wentzville),2
2018-09-15,Southern Boone,3,Maplewood-Richmond Hts.,2
2018-09-15,Gateway Science Charter,3,McKinley Classical Leadership,6
2018-09-15,St. Clair,1,Metro,2
2018-09-15,Fatima,5,Moberly,1
2018-09-15,Christian Brothers College,0,Monett,2
2018-09-15,Seckman,1,Monett,6
2018-09-15,Republic,2,Northwest (Cedar Hill),0
2018-09-15,Central (Springfield),0,Ozark,4
2018-09-15,Webb City,5,Parkview,3
2018-09-15,Willard,5,Parkview,2
2018-09-15,Webster Groves,0,Priory,1
2018-09-15,Jackson,1,Rockwood Summit,4
2018-09-15,Missouri Military Academy,3,Seckman,2
2018-09-15,Barstow,2,Southern Boone,3
2018-09-15,St. Pius X (Festus),1,Springfield Catholic,6
2018-09-15,St. Michael the Archangel,2,Trinity Catholic,0
2018-09-15,Guadalupe Centers Charter,2,Van Horn,1
2018-09-15,Battle,3,Webb City,0
2018-09-15,Crocker,1,West Plains,4
2018-09-15,Green Ridge,0,West Plains,7
2018-09-15,Battle,2,Willard,3
2018-09-17,Windsor (Imperial),4,Affton,2
2018-09-17,Logan-Rogersville,4,Aurora,2
2018-09-17,Lutheran South,0,Bayless,2
2018-09-17,Crocker,9,Belle,3
2018-09-17,Oak Grove,1,Center,2
2018-09-17,William Chrisman,3,Central (St. Joseph),1
2018-09-17,Parkway West,0,Chaminade College Prep,2
2018-09-17,Benton,0,Chillicothe,2
2018-09-17,Collegiate School of Med-Bio Science,9,Cleveland NJROTC,1
2018-09-17,Parkway North,0,Duchesne,3
2018-09-17,Hillcrest,3,Fair Grove,9
2018-09-17,Belton,5,Fort Osage,4
2018-09-17,St. Clair,0,Fredericktown,6
2018-09-17,McKinley Classical Leadership,2,Gateway,3
2018-09-17,Northwest (Cedar Hill),0,Hazelwood West,2
2018-09-17,Washington,4,Hillsboro,0
2018-09-17,Odessa,4,Knob Noster,2
2018-09-17,Clayton,2,Ladue Horton Watkins,1
2018-09-17,Richland,1,Lebanon,6
2018-09-17,Blue Springs,0,Lee's Summit North,6
2018-09-17,Raymore-Peculiar,0,Lee's Summit West,1
2018-09-17,Liberty North,4,Liberty,3
2018-09-17,Fox,0,Lindbergh,4
2018-09-17,Cristo Rey,2,Lone Jack,1
2018-09-17,Trinity Catholic,4,Lutheran North,0
2018-09-17,Savannah,1,Maryville,4
2018-09-17,Rockwood Summit,1,Mehlville,0
2018-09-17,Parkview,2,New Covenant Academy,1
2018-09-17,Lift for Life Academy Charter,3,North Technical,5
2018-09-17,Lutheran St. Charles,1,Orchard Farm,6
2018-09-17,Kirkwood,2,Parkway Central,3
2018-09-17,Westminster Christian Academy,0,Pattonville,2
2018-09-17,Lincoln College Prep,1,Pembroke Hill,4
2018-09-17,Grandview,1,Raytown South,2
2018-09-17,Webster Groves,7,Ritenour,0
2018-09-17,Gateway Science Charter,6,Roosevelt,0
2018-09-17,Carnahan,0,Soldan International Studies,10
2018-09-17,Battle,1,Southern Boone,2
2018-09-17,Webb City,1,St. Charles West,3
2018-09-17,Veritas Christian Academy,2,St. Charles West,7
2018-09-17,Brentwood,0,St. Pius X (Festus),4
2018-09-17,St. Michael the Archangel,1,St. Pius X (Kansas City),0
2018-09-17,Lee's Summit,1,Staley,0
2018-09-17,Park Hill South,4,St. Charles,0
2018-09-17,Crossroads College Preparatory,4,University City,3
2018-09-17,Metro,10,Waynesville,0
2018-09-17,Clinton,3,Warrensburg,1
2018-09-18,Brentwood,1,Bayless,6
2018-09-18,Raytown,1,Belton,0
2018-09-18,Hazelwood Central,0,Bishop DuBourg,4
2018-09-18,Northland Christian,4,Bishop LeBlond,4
2018-09-18,Moberly,2,Boonville,4
2018-09-18,Carl Junction,2,Branson,8
2018-09-18,Hillcrest,0,Camdenton,10
2018-09-18,Vianney,0,De Smet Jesuit,1
2018-09-18,SLUH,5,DeSoto,3
2018-09-18,Cole Camp,4,Dixon,1
2018-09-18,Van Horn,2,East (Kansas City),1
2018-09-18,Parkway South,2,Eureka,1
2018-09-18,Greenwood,3,Fair Grove,4
2018-09-18,Central (Cape Girardeau),10,Festus,1
2018-09-18,Oakville,4,Fox,0
2018-09-18,Ft. Zumwalt West,2,Francis Howell Central,3
2018-09-18,Washington,1,Fredericktown,1
2018-09-18,Ft. Zumwalt East,0,Ft. Zumwalt South,8
2018-09-18,Joplin,0,Glendale,5
2018-09-18,La Monte,2,Green Ridge,6
2018-09-18,Frontier STEM,1,Guadalupe Centers Charter,6
2018-09-18,Crossroads College Preparatory,2,Hancock,3
2018-09-18,Mexico,1,Hannibal,6
2018-09-18,Staley,4,Harrisonville,4
2018-09-18,Rock Bridge,0,Hickman,1
2018-09-18,St. Clair,0,Hillsboro,10
2018-09-18,Francis Howell,3,Holt,3
2018-09-18,Fulton,1,Kirksville,10
2018-09-18,Excelsior Springs,8,Knob Noster,0
2018-09-18,Marshfield,1,Logan-Rogersville,3
2018-09-18,Savannah,1,Lutheran (Kansas City),0
2018-09-18,Valley Park,5,Maplewood-Richmond Hts.,3
2018-09-18,Chillicothe,2,Maryville,1
2018-09-18,Ritenour,7,McCluer North,0
2018-09-18,McCluer,3,Metro,2
2018-09-18,Fatima,1,Missouri Military Academy,4
2018-09-18,Central (Springfield),1,Monett,2
2018-09-18,Thomas Jefferson Independent Day,1,New Covenant Academy,6
2018-09-18,Webb City,0,Nixa,5
2018-09-18,Oak Park,1,North Kansas City,6
2018-09-18,Odessa,2,Oak Grove,5
2018-09-18,Jefferson City,3,Osage,0
2018-09-18,Carthage,0,Ozark,2
2018-09-18,Lafayette (Wildwood),1,Pattonville,0
2018-09-18,Grain Valley,1,Platte County,0
2018-09-18,St. Paul Lutheran (Concordia),5,Pleasant Hill,1
2018-09-18,Jackson,4,Poplar Bluff,0
2018-09-18,MICDS,5,Principia,1
2018-09-18,Christian Brothers College,2,Priory,0
2018-09-18,Willard,3,Republic,4
2018-09-18,West Plains,3,Rolla,8
2018-09-18,Fort Osage,1,Ruskin,0
2018-09-18,Northwest (Cedar Hill),3,Seckman,1
2018-09-18,Notre Dame (Cape Girardeau),1,Sikeston,2
2018-09-18,Father Tolton,1,Savannah,3
2018-09-18,McDonald County,0,Springfield Catholic,4
2018-09-18,Perryville,1,St. Francis Borgia,2
2018-09-18,Farmington,3,Webster Groves,2
2018-09-18,Warrensburg,0,St. Michael the Archangel,6
2018-09-18,Sacred Heart,3,Willard,2
2018-09-18,Ft. Zumwalt North,1,Timberland,3
2018-09-18,Francis Howell North,2,Troy Buchanan,1
2018-09-18,Affton,5,University City,1
2018-09-18,Winfield,0,Warrenton,8
2018-09-18,Lebanon,2,Waynesville,3
2018-09-18,Kearney,3,William Chrisman,1
2018-09-18,Raytown South,10,Winnetonka,1
2018-09-19,Blue Springs South,3,Blue Springs,1
2018-09-19,Collegiate School of Med-Bio Science,3,Cardinal Ritter,4
2018-09-19,Iberia,0,Crocker,3
2018-09-19,Central (Cape Girardeau),4,DeSoto,1
2018-09-19,SLUH,10,Festus,0
2018-09-19,Park Hill,2,Harrisonville,3
2018-09-19,Ft. Zumwalt North,1,Hazelwood West,2
2018-09-19,Parkview,1,Kickapoo,5
2018-09-19,Benton,7,Lafayette (St. Joseph),2
2018-09-19,Central (St. Joseph),0,Liberty North,2
2018-09-19,Grandview,6,Lone Jack,1
2018-09-19,Lutheran North,2,McCluer North,1
2018-09-19,Carl Junction,0,Neosho,2
2018-09-19,Hazelwood East,0,Orchard Farm,10
2018-09-19,Smithville,0,Park Hill,2
2018-09-19,Lee's Summit,1,Raymore-Peculiar,0
2018-09-19,Lift for Life Academy Charter,0,Roosevelt,8
2018-09-19,Staley,3,Smithville,2
2018-09-19,Webb City,2,St. Charles,1
2018-09-19,Veritas Christian Academy,2,St. Charles West,6
2018-09-19,Pacific,0,St. Francis Borgia,3
2018-09-19,Valley Park,0,Trinity Catholic,3
2018-09-19,North County,2,Union,1
2018-09-19,Liberty (Wentzville),6,Winfield,0
2018-09-20,Ritenour,2,Affton,5
2018-09-20,St. Pius X (Kansas City),6,Bishop LeBlond,0
2018-09-20,Fatima,2,Boonville,0
2018-09-20,Windsor (Imperial),2,Brentwood,1
2018-09-20,Winfield,2,Canton,0
2018-09-20,St. Michael the Archangel,4,Center,3
2018-09-20,SLUH,1,Central (Cape Girardeau),2
2018-09-20,De Smet Jesuit,2,Chaminade College Prep,1
2018-09-20,Savannah,1,Chillicothe,0
2018-09-20,Seckman,0,Clayton,4
2018-09-20,Metro,10,Cleveland NJROTC,0
2018-09-20,Festus,2,DeSoto,8
2018-09-20,Trinity Catholic,0,Duchesne,1
2018-09-20,Oak Grove,0,Excelsior Springs,2
2018-09-20,Pattonville,10,Fox,0
2018-09-20,Rock Bridge,0,Francis Howell,3
2018-09-20,Francis Howell Central,2,Francis Howell North,0
2018-09-20,Hillsboro,1,Fredericktown,1
2018-09-20,Liberty (Wentzville),6,Ft. Zumwalt East,0
2018-09-20,Hannibal,7,Fulton,0
2018-09-20,Collegiate School of Med-Bio Science,1,Gateway,8
2018-09-20,Grandview,1,Grain Valley,2
2018-09-20,University City,1,Hazelwood Central,0
2018-09-20,McCluer,4,Hazelwood East,1
2018-09-20,Parkway South,6,Hazelwood West,0
2018-09-20,Ft. Zumwalt West,2,Holt,3
2018-09-20,Westminster Christian Academy,1,John Burroughs,0
2018-09-20,Mehlville,2,Kirkwood,1
2018-09-20,Frontier STEM,2,Knob Noster,0
2018-09-20,Lindbergh,4,Lafayette (Wildwood),0
2018-09-20,Willard,5,Laquey,4
2018-09-20,Osage,1,Lebanon,2
2018-09-20,Timberland,1,Liberty,0
2018-09-20,Branson,5,Logan-Rogersville,0
2018-09-20,McCluer North,1,Lutheran North,3
2018-09-20,MICDS,2,Lutheran South,1
2018-09-20,Kirksville,1,Marshall,2
2018-09-20,Carthage,6,McDonald County,0
2018-09-20,Springfield Catholic,4,Monett,0
2018-09-20,Republic,3,Neosho,2
2018-09-20,Lincoln College Prep,4,Northeast (Kansas City),0
2018-09-20,Ruskin,0,Oak Park,6
2018-09-20,Green Ridge,1,Odessa,3
2018-09-20,Central (St. Joseph),0,Park Hill South,1
2018-09-20,Ozark,8,Parkview,0
2018-09-20,Barstow,2,Pembroke Hill,4
2018-09-20,Fort Osage,1,Raytown,0
2018-09-20,Platte County,1,Raytown South,2
2018-09-20,Fair Grove,5,Richland,2
2018-09-20,Lone Jack,5,Sacred Heart,4
2018-09-20,Poplar Bluff,0,Sikeston,1
2018-09-20,Vianney,1,SLUH,0
2018-09-20,Roosevelt,2,Soldan International Studies,6
2018-09-20,Belle,0,Southern Boone,10
2018-09-20,St. Charles West,6,St. Charles,0
2018-09-20,Washington,9,St. Clair,0
2018-09-20,Webster Groves,5,St. Francis Borgia,6
2018-09-20,Whitfield,1,St. Pius X (Festus),2
2018-09-20,Veritas Christian Academy,3,Webb City,4
2018-09-20,Northland Christian,1,Summit Christian Academy,7
2018-09-20,McKinley Classical Leadership,10,Waynesville,0
2018-09-20,Bolivar,5,Warrensburg,2
2018-09-20,Nixa,2,Waynesville,1
2018-09-20,Thomas Jefferson Independent Day,0,Webb City,7
2018-09-20,Oakville,0,Webster Groves,1
2018-09-20,Glendale,4,West Plains,1
2018-09-20,Belton,2,William Chrisman,4
2018-09-20,Kearney,10,Winnetonka,1
2018-09-21,Branson,5,Camdenton,1
2018-09-21,Father Tolton,1,Carthage,1
2018-09-21,Bolivar,1,Clinton,0
2018-09-21,Laquey,5,Crocker,0
2018-09-21,Maplewood-Richmond Hts.,6,Crossroads College Preparatory,0
2018-09-21,SLUH,0,Eureka,1
2018-09-21,Willard,0,Fatima,1
2018-09-21,Rockwood Summit,3,Francis Howell,1
2018-09-21,Hazelwood Central,0,Ft. Zumwalt North,6
2018-09-21,Bayless,6,Hancock,0
2018-09-21,Smithville,0,Harrisonville,4
2018-09-21,Parkway North,1,Hickman,2
2018-09-21,Parkway Central,2,Jackson,2
2018-09-21,Joplin,0,Jefferson City,3
2018-09-21,Principia,5,Lutheran St. Charles,1
2018-09-21,North Technical,0,McCluer,2
2018-09-21,Green Ridge,0,Missouri Military Academy,9
2018-09-21,Poplar Bluff,1,North County,1
2018-09-21,Christian Brothers College,2,Oakville,1
2018-09-21,Staley,0,Park Hill,2
2018-09-21,Aurora,1,Parkview,3
2018-09-21,Rolla,2,Parkway North,1
2018-09-21,Rolla,0,Parkway South,4
2018-09-21,Notre Dame (Cape Girardeau),2,Parkway West,2
2018-09-21,East (Kansas City),0,Pembroke Hill,1
2018-09-21,Iberia,0,Richland,1
2018-09-21,Helias Catholic,2,Savannah,0
2018-09-21,St. Dominic,1,Timberland,0
2018-09-21,Ft. Zumwalt East,1,Troy Buchanan,3
2018-09-21,Brentwood,0,Valley Park,3
2018-09-22,Branson,10,Bolivar,0
2018-09-22,Logan-Rogersville,3,Camdenton,0
2018-09-22,Warrensburg,1,Camdenton,6
2018-09-22,Savannah,1,Carthage,1
2018-09-22,Helias Catholic,4,Carthage,2
2018-09-22,Laquey,1,Cassville,0
2018-09-22,Washington,1,Central (Cape Girardeau),2
2018-09-22,Ft. Zumwalt South,0,Christian Brothers College,2
2018-09-22,Logan-Rogersville,2,Clinton,1
2018-09-22,Warrensburg,2,Clinton,3
2018-09-22,Hillsboro,5,DeSoto,6
2018-09-22,Priory,1,Farmington,2
2018-09-22,St. Clair,3,Festus,1
2018-09-22,Timberland,0,Francis Howell,5
2018-09-22,SLUH,6,Fredericktown,1
2018-09-22,Central (Springfield),2,Glendale,4
2018-09-22,Laquey,5,Greenwood,1
2018-09-22,Father Tolton,1,Helias Catholic,2
2018-09-22,Parkway Central,2,Hickman,1
2018-09-22,Parkway South,3,Hickman,0
2018-09-22,Parkway West,1,Jackson,1
2018-09-22,Parkway North,0,Jackson,2
2018-09-22,Poplar Bluff,1,Jefferson City,6
2018-09-22,North County,1,Jefferson City,1
2018-09-22,MICDS,2,John Burroughs,3
2018-09-22,Poplar Bluff,2,Joplin,3
2018-09-22,North County,0,Joplin,1
2018-09-22,Canton,0,Liberty,8
2018-09-22,Hannibal,1,Marshall,2
2018-09-22,Kirksville,6,Missouri Military Academy,2
2018-09-22,Notre Dame (Cape Girardeau),1,Parkway Central,3
2018-09-22,Rolla,4,Parkway North,0
2018-09-22,Notre Dame (Cape Girardeau),1,Parkway South,1
2018-09-22,Rolla,4,Parkway West,0
2018-09-22,St. Dominic,2,Rockwood Summit,0
2018-09-22,Father Tolton,0,Savannah,2
2018-09-22,Cardinal Ritter,0,Webster Groves,10
2018-09-22,Lee's Summit,3,St. Charles,0
2018-09-22,Chaminade College Prep,0,Vianney,1
2018-09-24,Northwest (Cedar Hill),10,Affton,0
2018-09-24,Trinity Catholic,0,Bayless,2
2018-09-24,Chillicothe,5,Bishop LeBlond,1
2018-09-24,Raymore-Peculiar,0,Blue Springs South,1
2018-09-24,Orchard Farm,1,Brentwood,2
2018-09-24,Laquey,0,Camdenton,1
2018-09-24,Webster Groves,0,Christian Brothers College,2
2018-09-24,Boonville,0,Clinton,2
2018-09-24,Eureka,0,De Smet Jesuit,3
2018-09-24,St. Clair,2,DeSoto,8
2018-09-24,Dixon,2,Fair Grove,5
2018-09-24,Hickman,2,Father Tolton,6
2018-09-24,Chaminade College Prep,3,Francis Howell Central,0
2018-09-24,Waynesville,0,Gateway,10
2018-09-24,Rolla,2,Glendale,3
2018-09-24,Smithville,0,Grandview,3
2018-09-24,Pacific,3,Hillsboro,2
2018-09-24,Vianney,1,Kirkwood,2
2018-09-24,Ruskin,3,Knob Noster,2
2018-09-24,Maryville,10,Lafayette (St. Joseph),0
2018-09-24,Lee's Summit North,1,Lee's Summit West,0
2018-09-24,Lee's Summit,7,Liberty,0
2018-09-24,Park Hill South,2,Liberty North,1
2018-09-24,Whitfield,0,Maplewood-Richmond Hts.,1
2018-09-24,Carnahan,0,McKinley Classical Leadership,10
2018-09-24,Roosevelt,1,Metro,2
2018-09-24,Fatima,3,Mexico,2
2018-09-24,Richland,1,New Covenant Academy,3
2018-09-24,St. Pius X (Kansas City),0,North Kansas City,2
2018-09-24,Frontier STEM,3,Northeast (Kansas City),5
2018-09-24,St. Charles,2,Oak Park,3
2018-09-24,Webster Groves,4,Oakville,0
2018-09-24,Harrisonville,5,Odessa,0
2018-09-24,Crocker,1,Osage,7
2018-09-24,Blue Springs,1,Park Hill,0
2018-09-24,Waynesville,3,Parkview,4
2018-09-24,MICDS,2,Ritenour,0
2018-09-24,Lutheran (Kansas City),2,Sacred Heart,3
2018-09-24,Washington,3,Seckman,1
2018-09-24,Crossroads College Preparatory,3,Soldan International Studies,4
2018-09-24,Collegiate School of Med-Bio Science,1,Soldan International Studies,11
2018-09-24,Veritas Christian Academy,5,St. Charles,2
2018-09-24,Ft. Zumwalt West,1,St. Dominic,0
2018-09-24,Raytown,1,St. Michael the Archangel,2
2018-09-24,Willard,0,St. Paul Lutheran (Concordia),7
2018-09-24,Central (St. Joseph),6,Staley,5
2018-09-24,Southern Boone,1,Webb City,0
2018-09-24,Lone Jack,3,Summit Christian Academy,2
2018-09-24,Lutheran South,0,Timberland,1
2018-09-24,North Technical,1,Winfield,2
2018-09-25,Fox,5,Affton,1
2018-09-25,Webb City,2,Aurora,3
2018-09-25,Washington,1,Bayless,3
2018-09-25,Ruskin,0,Belton,3
2018-09-25,Lebanon,0,Bolivar,1
2018-09-25,Neosho,3,Branson,1
2018-09-25,Maplewood-Richmond Hts.,1,Brentwood,4
2018-09-25,Springfield Catholic,0,Carl Junction,6
2018-09-25,Willard,1,Carthage,3
2018-09-25,Christian Brothers College,0,Chaminade College Prep,1
2018-09-25,Kirksville,3,Chillicothe,0
2018-09-25,Ladue Horton Watkins,0,Christian Brothers College,2
2018-09-25,Timberland,0,Clayton,4
2018-09-25,New Covenant Academy,2,Fair Grove,4
2018-09-25,St. Francis Borgia,2,Farmington,5
2018-09-25,Osage,3,Fatima,4
2018-09-25,Windsor (Imperial),8,Festus,1
2018-09-25,Parkway Central,1,Francis Howell,4
2018-09-25,Ft. Zumwalt North,3,Ft. Zumwalt East,2
2018-09-25,Francis Howell North,1,Ft. Zumwalt South,0
2018-09-25,Holt,3,Ft. Zumwalt West,2
2018-09-25,Raytown South,1,Grain Valley,2
2018-09-25,Cole Camp,2,Green Ridge,1
2018-09-25,Missouri Military Academy,3,Hannibal,4
2018-09-25,Kickapoo,11,Hillcrest,1
2018-09-25,Sikeston,0,Jackson,2
2018-09-25,Grandview,0,Kearney,2
2018-09-25,Parkway South,1,Kirkwood,0
2018-09-25,La Monte,2,Knob Noster,4
2018-09-25,Belle,0,Laquey,10
2018-09-25,East (Kansas City),2,Lincoln College Prep,0
2018-09-25,Webster Groves,0,Lindbergh,1
2018-09-25,Cassville,1,Logan-Rogersville,4
2018-09-25,St. Paul Lutheran (Concordia),4,Lutheran (Kansas City),1
2018-09-25,Priory,3,Lutheran North,0
2018-09-25,St. Charles,2,Lutheran St. Charles,1
2018-09-25,Battle,0,Marshall,2
2018-09-25,Greenwood,1,Marshfield,4
2018-09-25,University City,3,McCluer,0
2018-09-25,Hazelwood Central,4,McCluer North,0
2018-09-25,Thomas Jefferson Independent Day,5,McDonald County,9
2018-09-25,Fulton,4,Moberly,8
2018-09-25,Ozark,2,Nixa,5
2018-09-25,Fort Osage,0,North Kansas City,5
2018-09-25,Gateway Science Charter,11,North Technical,1
2018-09-25,SLUH,1,Oakville,2
2018-09-25,Excelsior Springs,5,Odessa,0
2018-09-25,Winfield,0,Orchard Farm,10
2018-09-25,Smithville,0,Park Hill,2
2018-09-25,Central (Springfield),3,Parkview,2
2018-09-25,Lafayette (Wildwood),0,Parkway West,2
2018-09-25,Rockwood Summit,4,Pattonville,3
2018-09-25,Smithville,1,Platte County,0
2018-09-25,Oak Grove,1,Pleasant Hill,2
2018-09-25,Joplin,0,Republic,2
2018-09-25,Center,1,Savannah,0
2018-09-25,Liberty (Wentzville),5,Seckman,1
2018-09-25,Jefferson City,0,Savannah,2
2018-09-25,Mexico,0,Southern Boone,2
2018-09-25,Warrenton,0,St. Charles West,8
2018-09-25,Union,3,St. Clair,1
2018-09-25,Guadalupe Centers Charter,5,St. Michael the Archangel,1
2018-09-25,Liberty North,0,Staley,1
2018-09-25,Iberia,2,Willard,0
2018-09-25,Hancock,0,Valley Park,1
2018-09-25,Barstow,0,Van Horn,4
2018-09-25,Harrisonville,6,Warrensburg,1
2018-09-25,Principia,0,Westminster Christian Academy,2
2018-09-25,Raytown,1,William Chrisman,3
2018-09-25,Cristo Rey,4,Winnetonka,2
2018-09-26,Liberty (Wentzville),0,Bayless,3
2018-09-26,Raymore-Peculiar,2,Blue Springs,0
2018-09-26,Springfield Catholic,6,Carl Junction,0
2018-09-26,St. Charles,1,Central (St. Joseph),0
2018-09-26,Lutheran South,0,Clayton,3
2018-09-26,Priory,3,De Smet Jesuit,4
2018-09-26,Northwest (Cedar Hill),4,Fox,1
2018-09-26,Lift for Life Academy Charter,1,Gateway,8
2018-09-26,Rolla,1,Helias Catholic,2
2018-09-26,Bishop DuBourg,0,John Burroughs,4
2018-09-26,Webster Groves,2,Ladue Horton Watkins,3
2018-09-26,Holt,0,Lafayette (Wildwood),1
2018-09-26,Liberty,1,Lee's Summit North,0
2018-09-26,Christian Brothers College,0,Lindbergh,3
2018-09-26,Gateway Science Charter,3,McKinley Classical Leadership,2
2018-09-26,Troy Buchanan,0,Mehlville,3
2018-09-26,Duchesne,1,MICDS,4
2018-09-26,Lee's Summit West,5,Park Hill,0
2018-09-26,Whitfield,0,Parkway North,1
2018-09-26,Notre Dame (Cape Girardeau),2,Perryville,1
2018-09-26,Trinity Catholic,3,Seckman,2
2018-09-26,Collegiate School of Med-Bio Science,1,Soldan International Studies,11
2018-09-26,Valley Park,8,St. Clair,2
2018-09-26,Warrenton,1,Webb City,3
2018-09-26,Van Horn,4,Summit Christian Academy,0
2018-09-26,Festus,2,University City,3
2018-09-26,Glendale,4,Waynesville,0
2018-09-26,SLUH,0,Webster Groves,1
2018-09-26,St. Dominic,2,Westminster Christian Academy,1
2018-09-26,Hancock,0,Windsor (Imperial),6
2018-09-27,St. Clair,3,Belle,0
2018-09-27,Frontier STEM,2,Benton,1
2018-09-27,Pembroke Hill,0,Blue Springs,1
2018-09-27,Park Hill,1,Blue Springs South,2
2018-09-27,Timberland,0,Clayton,4
2018-09-27,Crocker,0,Dixon,1
2018-09-27,Lutheran St. Charles,0,Duchesne,3
2018-09-27,Pleasant Hill,5,Excelsior Springs,2
2018-09-27,Thomas Jefferson Independent Day,3,Fair Grove,8
2018-09-27,Christian Brothers College,0,Francis Howell Central,4
2018-09-27,Ft. Zumwalt West,1,Francis Howell North,0
2018-09-27,Festus,1,Fredericktown,1
2018-09-27,Oak Park,1,Harrisonville,0
2018-09-27,McCluer,2,Hazelwood Central,1
2018-09-27,Mexico,0,Helias Catholic,7
2018-09-27,Farmington,0,Jackson,3
2018-09-27,Branson,6,Joplin,1
2018-09-27,Savannah,0,Kickapoo,3
2018-09-27,Willard,1,La Monte,2
2018-09-27,Lindbergh,0,Ladue Horton Watkins,1
2018-09-27,Central (Springfield),5,Lebanon,1
2018-09-27,Park Hill South,1,Lee's Summit,4
2018-09-27,Kearney,5,Lincoln College Prep,0
2018-09-27,West Plains,4,Logan-Rogersville,0
2018-09-27,Northland Christian,1,Lone Jack,4
2018-09-27,Crossroads College Preparatory,0,Lutheran North,3
2018-09-27,Rock Bridge,1,Marquette,2
2018-09-27,Moberly,1,Marshall,10
2018-09-27,Aurora,0,Marshfield,2
2018-09-27,Hazelwood East,0,McCluer North,5
2018-09-27,Neosho,2,McDonald County,1
2018-09-27,Raytown,1,North Kansas City,2
2018-09-27,Cristo Rey,2,Northeast (Kansas City),3
2018-09-27,Warrenton,2,Orchard Farm,5
2018-09-27,Boonville,0,Osage,5
2018-09-27,Webb City,0,Ozark,8
2018-09-27,Vianney,1,Parkway South,0
2018-09-27,DeSoto,2,Perryville,4
2018-09-27,North County,2,Poplar Bluff,0
2018-09-27,Monett,2,Republic,1
2018-09-27,Iberia,1,Richland,0
2018-09-27,William Chrisman,2,Ruskin,0
2018-09-27,Cole Camp,3,Sacred Heart,2
2018-09-27,Parkway North,1,Seckman,2
2018-09-27,Knob Noster,2,Smithton,4
2018-09-27,Raytown South,5,Smithville,4
2018-09-27,Ft. Zumwalt East,0,St. Charles West,2
2018-09-27,Father Tolton,0,St. Dominic,3
2018-09-27,Webb City,0,St. Francis Borgia,4
2018-09-27,Chillicothe,0,St. Paul Lutheran (Concordia),2
2018-09-27,Savannah,0,St. Pius X (Kansas City),1
2018-09-27,Platte County,1,Staley,4
2018-09-27,Pacific,0,Union,1
2018-09-27,Oak Grove,2,Warrensburg,3
2018-09-27,St. Charles,8,Winfield,0
2018-09-28,Waynesville,0,Battle,4
2018-09-28,Clayton,3,Bayless,1
2018-09-28,East (Kansas City),3,Belton,1
2018-09-28,Webb City,4,Bolivar,0
2018-09-28,Union,2,Camdenton,1
2018-09-28,Moberly,9,Camdenton,1
2018-09-28,Carl Junction,1,Camdenton,1
2018-09-28,Central (Springfield),5,Carl Junction,0
2018-09-28,Marshfield,2,Clinton,1
2018-09-28,Ft. Zumwalt South,4,Ft. Zumwalt North,3
2018-09-28,Webb City,7,Fulton,2
2018-09-28,Monett,1,Glendale,0
2018-09-28,St. Michael the Archangel,1,Grain Valley,3
2018-09-28,Fatima,0,Hannibal,3
2018-09-28,Kearney,0,Harrisonville,6
2018-09-28,Whitfield,3,Hazelwood Central,1
2018-09-28,St. Charles West,3,Hazelwood West,1
2018-09-28,Willard,11,Hillcrest,1
2018-09-28,Kirksville,2,Hillsboro,2
2018-09-28,Laquey,4,Iberia,0
2018-09-28,Savannah,0,Kickapoo,3
2018-09-28,Lee's Summit West,5,Kickapoo,0
2018-09-28,Summit Christian Academy,0,Kirksville,3
2018-09-28,Oak Park,1,Lincoln College Prep,3
2018-09-28,Chaminade College Prep,4,Lindbergh,0
2018-09-28,Neosho,2,Logan-Rogersville,3
2018-09-28,De Smet Jesuit,0,MICDS,0
2018-09-28,Mexico,1,Missouri Military Academy,5
2018-09-28,Lutheran North,7,North Technical,0
2018-09-28,Summit Christian Academy,1,Osage,0
2018-09-28,Rolla,1,Ozark,5
2018-09-28,Webster Groves,1,Parkway South,2
2018-09-28,Greenwood,0,Poplar Bluff,2
2018-09-28,John Burroughs,5,Principia,0
2018-09-28,St. Pius X (Festus),2,Priory,1
2018-09-28,Crocker,4,Richland,3
2018-09-28,Republic,1,Rolla,0
2018-09-28,Nixa,4,Sikeston,0
2018-09-28,Springfield Catholic,2,Savannah,1
2018-09-28,Holt,8,Soldan International Studies,0
2018-09-28,Republic,1,Southern Boone,2
2018-09-28,Ozark,3,Southern Boone,2
2018-09-28,Metro,2,University City,3
2018-09-28,Crossroads College Preparatory,0,Valley Park,3
2018-09-29,Neosho,3,Bolivar,0
2018-09-29,Fatima,1,Camdenton,0
2018-09-29,Carl Junction,0,Camdenton,1
2018-09-29,Hannibal,5,Carl Junction,0
2018-09-29,Hillcrest,1,Clinton,9
2018-09-29,Neosho,1,Clinton,4
2018-09-29,Iberia,1,Crocker,3
2018-09-29,Laquey,3,Dixon,0
2018-09-29,Rockwood Summit,4,Ft. Zumwalt East,0
2018-09-29,Osage,4,Fulton,1
2018-09-29,Hillsboro,8,Fulton,0
2018-09-29,Sikeston,1,Glendale,6
2018-09-29,Poplar Bluff,0,Glendale,2
2018-09-29,Central (Springfield),0,Hannibal,2
2018-09-29,Lincoln College Prep,2,Harrisonville,5
2018-09-29,Bolivar,5,Hillcrest,0
2018-09-29,Union,2,Hillsboro,0
2018-09-29,Lee's Summit West,5,Kickapoo,0
2018-09-29,Fatima,0,Kirksville,3
2018-09-29,Savannah,0,Lee's Summit West,1
2018-09-29,Springfield Catholic,1,Lee's Summit West,2
2018-09-29,Webb City,0,Logan-Rogersville,2
2018-09-29,Willard,1,Logan-Rogersville,2
2018-09-29,Willard,3,Marshfield,2
2018-09-29,Webb City,1,Marshfield,2
2018-09-29,Webb City,4,Moberly,1
2018-09-29,Summit Christian Academy,0,Moberly,1
2018-09-29,Nixa,3,Monett,1
2018-09-29,Greenwood,1,Monett,4
2018-09-29,Kearney,4,Oak Park,1
2018-09-29,Webb City,0,Osage,2
2018-09-29,Republic,0,Ozark,4
2018-09-29,Chaminade College Prep,3,Parkway South,0
2018-09-29,Nixa,5,Poplar Bluff,0
2018-09-29,Marshall,2,Sacred Heart,0
2018-09-29,Greenwood,0,Sikeston,3
2018-09-29,Rolla,5,Southern Boone,1
2018-09-29,Bishop DuBourg,0,Webster Groves,2
2018-09-29,Central (Springfield),6,Union,1
2018-10-01,Frontier STEM,2,Bishop LeBlond,0
2018-10-01,Lee's Summit North,2,Blue Springs South,3
2018-10-01,Lift for Life Academy Charter,4,Cardinal Ritter,3
2018-10-01,Aurora,2,Cassville,1
2018-10-01,Odessa,1,Center,3
2018-10-01,Lincoln College Prep,12,Central (Kansas City),2
2018-10-01,Brentwood,0,Clayton,6
2018-10-01,Gateway,11,Cleveland NJROTC,1
2018-10-01,La Monte,1,Cole Camp,4
2018-10-01,Carnahan,2,Collegiate School of Med-Bio Science,3
2018-10-01,New Covenant Academy,3,Crocker,0
2018-10-01,Northeast (Kansas City),2,East (Kansas City),2
2018-10-01,Lebanon,1,Fair Grove,7
2018-10-01,Perryville,5,Gateway Science Charter,0
2018-10-01,University City,3,Hancock,2
2018-10-01,Pattonville,2,Hazelwood West,1
2018-10-01,Thomas Jefferson Independent Day,3,Hillcrest,1
2018-10-01,North County,0,Jackson,7
2018-10-01,Excelsior Springs,0,Kearney,4
2018-10-01,Savannah,4,Lafayette (St. Joseph),0
2018-10-01,Francis Howell Central,3,Lafayette (Wildwood),0
2018-10-01,Liberty North,1,Lee's Summit,3
2018-10-01,Blue Springs,0,Lee's Summit West,5
2018-10-01,Central (St. Joseph),0,Liberty,1
2018-10-01,SLUH,0,Lindbergh,1
2018-10-01,Summit Christian Academy,1,Lutheran (Kansas City),2
2018-10-01,St. Paul Lutheran (Farmington),0,Lutheran North,6
2018-10-01,Soldan International Studies,5,Metro,2
2018-10-01,Marshfield,0,Monett,3
2018-10-01,Park Hill,0,North Kansas City,1
2018-10-01,Knob Noster,1,Oak Grove,7
2018-10-01,Iberia,0,Osage,8
2018-10-01,Northwest (Cedar Hill),4,Pacific,0
2018-10-01,Platte County,0,Park Hill South,5
2018-10-01,Waynesville,0,Rolla,1
2018-10-01,McKinley Classical Leadership,6,Roosevelt,0
2018-10-01,Raytown,6,Ruskin,0
2018-10-01,Willard,0,Smithton,3
2018-10-01,Ritenour,1,St. Charles,0
2018-10-01,St. Francis Borgia,0,Webster Groves,3
2018-10-01,St. Charles,2,Staley,1
2018-10-01,Hazelwood Central,1,Trinity Catholic,6
2018-10-01,North Technical,0,Valley Park,5
2018-10-01,Guadalupe Centers Charter,3,Van Horn,4
2018-10-01,Bishop DuBourg,4,Veritas Christian Academy,5
2018-10-01,Fatima,1,Warrenton,3
2018-10-01,Kickapoo,5,West Plains,6
2018-10-01,Parkway North,2,Windsor (Imperial),1
2018-10-01,Grandview,1,Winnetonka,0
2018-10-02,Jefferson City,2,Battle,0
2018-10-02,Valley Park,0,Bayless,1
2018-10-02,Duchesne,1,Bishop DuBourg,0
2018-10-02,Marshfield,3,Bolivar,2
2018-10-02,Crossroads College Preparatory,0,Brentwood,3
2018-10-02,Moberly,3,Camdenton,4
2018-10-02,Republic,3,Carl Junction,1
2018-10-02,Branson,3,Carthage,1
2018-10-02,New Covenant Academy,2,Central (Springfield),1
2018-10-02,SLUH,0,Christian Brothers College,6
2018-10-02,Fair Grove,5,Crocker,2
2018-10-02,Festus,2,DeSoto,5
2018-10-02,Osage,3,Dixon,2
2018-10-02,Mehlville,0,Eureka,1
2018-10-02,Oak Grove,1,Excelsior Springs,3
2018-10-02,Hillsboro,0,Farmington,7
2018-10-02,Helias Catholic,2,Father Tolton,1
2018-10-02,Troy Buchanan,1,Francis Howell Central,5
2018-10-02,Timberland,3,Ft. Zumwalt East,2
2018-10-02,Liberty (Wentzville),0,Ft. Zumwalt South,1
2018-10-02,Francis Howell,1,Ft. Zumwalt West,2
2018-10-02,Boonville,2,Fulton,1
2018-10-02,Raytown South,4,Grandview,0
2018-10-02,La Monte,1,Green Ridge,6
2018-10-02,Pleasant Hill,1,Harrisonville,2
2018-10-02,Hazelwood Central,2,Hazelwood East,0
2018-10-02,Fox,2,Hazelwood West,3
2018-10-02,Francis Howell North,0,Holt,6
2018-10-02,Priory,4,John Burroughs,0
2018-10-02,Ozark,5,Joplin,0
2018-10-02,Ladue Horton Watkins,0,Kirkwood,1
2018-10-02,Laquey,4,Lebanon,1
2018-10-02,Monett,3,Logan-Rogersville,0
2018-10-02,St. Paul Lutheran (Concordia),2,Lone Jack,3
2018-10-02,Lutheran South,4,Lutheran North,2
2018-10-02,Principia,5,Maplewood-Richmond Hts.,0
2018-10-02,Benton,0,Maryville,6
2018-10-02,Cassville,1,McDonald County,4
2018-10-02,Marshall,5,Mexico,0
2018-10-02,Westminster Christian Academy,1,MICDS,0
2018-10-02,Willard,1,Nixa,8
2018-10-02,Pembroke Hill,4,Northeast (Kansas City),0
2018-10-02,Poplar Bluff,0,Notre Dame (Cape Girardeau),10
2018-10-02,Marquette,6,Oakville,1
2018-10-02,Smithville,0,Park Hill,5
2018-10-02,West Plains,1,Parkview,2
2018-10-02,Ritenour,0,Parkway Central,3
2018-10-02,Pattonville,7,Parkway North,0
2018-10-02,Clayton,3,Parkway South,2
2018-10-02,Seckman,1,Parkway West,5
2018-10-02,Fort Osage,1,Platte County,3
2018-10-02,Belton,0,Raytown,1
2018-10-02,Lindbergh,0,Rockwood Summit,3
2018-10-02,Clinton,0,Savannah,7
2018-10-02,Sacred Heart,2,Smithton,1
2018-10-02,Canton,0,Southern Boone,10
2018-10-02,Orchard Farm,3,St. Charles,1
2018-10-02,Winfield,1,St. Charles West,11
2018-10-02,St. Dominic,5,St. Francis Borgia,0
2018-10-02,Fredericktown,1,St. Pius X (Festus),7
2018-10-02,Pacific,0,Webb City,2
2018-10-02,Whitfield,1,Trinity Catholic,4
2018-10-02,St. Clair,0,Union,6
2018-10-02,McCluer North,0,University City,6
2018-10-02,Odessa,1,Warrensburg,2
2018-10-02,Veritas Christian Academy,7,Warrenton,3
2018-10-02,Ft. Zumwalt North,1,Washington,2
2018-10-02,Neosho,4,Webb City,3
2018-10-02,Lafayette (Wildwood),1,Webster Groves,0
2018-10-02,Oak Park,0,William Chrisman,1
2018-10-02,Grain Valley,5,Winnetonka,0
2018-10-03,Bayless,3,Affton,1
2018-10-03,Savannah,4,Benton,3
2018-10-03,Lutheran (Kansas City),1,Bishop LeBlond,0
2018-10-03,Lift for Life Academy Charter,4,Cardinal Ritter,3
2018-10-03,Perryville,1,Central (Cape Girardeau),0
2018-10-03,Green Ridge,0,Cole Camp,0
2018-10-03,Metro,1,Crossroads College Preparatory,1
2018-10-03,St. Clair,2,Festus,1
2018-10-03,Kickapoo,2,Glendale,3
2018-10-03,Blue Springs,2,Grain Valley,1
2018-10-03,Maplewood-Richmond Hts.,2,Hancock,1
2018-10-03,Rolla,10,Hillcrest,0
2018-10-03,Dixon,3,Iberia,0
2018-10-03,Hannibal,2,Kirksville,1
2018-10-03,Van Horn,10,Knob Noster,0
2018-10-03,Raymore-Peculiar,0,Lee's Summit North,2
2018-10-03,Staley,1,Liberty,2
2018-10-03,Orchard Farm,3,McCluer,1
2018-10-03,Seckman,3,North County,1
2018-10-03,Smithville,0,North Kansas City,1
2018-10-03,Collegiate School of Med-Bio Science,4,North Technical,5
2018-10-03,Jackson,3,Northwest (Cedar Hill),2
2018-10-03,Fort Osage,0,Park Hill South,7
2018-10-03,Hickman,0,Rockhurst,8
2018-10-03,Sacred Heart,6,Willard,0
2018-10-03,Liberty North,5,St. Charles,1
2018-10-03,Washington,4,Union,1
2018-10-03,DeSoto,0,Windsor (Imperial),1
2018-10-04,Fox,1,Affton,2
2018-10-04,McDonald County,3,Aurora,2
2018-10-04,Frontier STEM,2,Barstow,5
2018-10-04,Excelsior Springs,4,Benton,5
2018-10-04,William Chrisman,1,Blue Springs South,8
2018-10-04,Springfield Catholic,3,Branson,4
2018-10-04,Lebanon,4,Camdenton,3
2018-10-04,Lone Jack,2,Center,5
2018-10-04,Oak Park,0,Central (St. Joseph),3
2018-10-04,St. Pius X (Kansas City),2,Chillicothe,1
2018-10-04,Francis Howell North,0,Christian Brothers College,2
2018-10-04,Parkway North,1,Clayton,6
2018-10-04,Southern Boone,2,Fatima,0
2018-10-04,Francis Howell Central,1,Francis Howell,3
2018-10-04,De Smet Jesuit,3,Ft. Zumwalt South,0
2018-10-04,Timberland,1,Ft. Zumwalt West,3
2018-10-04,Rock Bridge,9,Glendale,0
2018-10-04,University City,7,Hazelwood East,0
2018-10-04,St. Pius X (Festus),3,Hillsboro,0
2018-10-04,Troy Buchanan,0,Holt,10
2018-10-04,Father Tolton,2,Jefferson City,0
2018-10-04,Raytown South,1,Kearney,2
2018-10-04,Webster Groves,1,Kirkwood,0
2018-10-04,Oakville,3,Lafayette (Wildwood),0
2018-10-04,Liberty,1,Lee's Summit West,5
2018-10-04,Ft. Zumwalt East,2,Liberty (Wentzville),4
2018-10-04,Belton,4,Liberty North,3
2018-10-04,Mehlville,1,Lindbergh,3
2018-10-04,Central (Springfield),0,Logan-Rogersville,5
2018-10-04,Lafayette (St. Joseph),1,Lutheran (Kansas City),3
2018-10-04,Windsor (Imperial),2,Lutheran South,3
2018-10-04,Bishop DuBourg,2,Lutheran St. Charles,0
2018-10-04,Eureka,0,Marquette,1
2018-10-04,Fulton,0,Marshall,9
2018-10-04,Fair Grove,6,Marshfield,7
2018-10-04,McCluer North,0,McCluer,1
2018-10-04,Helias Catholic,5,Missouri Military Academy,4
2018-10-04,Kirksville,6,Moberly,0
2018-10-04,Ozark,3,Monett,1
2018-10-04,Sikeston,1,North County,2
2018-10-04,Park Hill South,2,North Kansas City,1
2018-10-04,Fredericktown,0,Notre Dame (Cape Girardeau),3
2018-10-04,Boonville,0,Oak Grove,3
2018-10-04,Summit Christian Academy,0,Odessa,3
2018-10-04,Clinton,9,Osage,0
2018-10-04,Platte County,1,Park Hill,6
2018-10-04,Parkway Central,3,Parkway South,2
2018-10-04,Parkway West,2,Pattonville,1
2018-10-04,Warrensburg,0,Pleasant Hill,2
2018-10-04,Parkview,3,Poplar Bluff,1
2018-10-04,Lutheran North,2,Principia,6
2018-10-04,Northwest (Cedar Hill),7,Ritenour,0
2018-10-04,Vianney,0,Rockwood Summit,3
2018-10-04,Hazelwood West,2,Seckman,0
2018-10-04,Fort Osage,0,Smithville,3
2018-10-04,Gateway Science Charter,0,Soldan International Studies,6
2018-10-04,St. Charles West,10,St. Charles,1
2018-10-04,Pacific,3,St. Clair,0
2018-10-04,St. Dominic,4,Webster Groves,1
2018-10-04,Pembroke Hill,5,St. Paul Lutheran (Concordia),1
2018-10-04,St. Michael the Archangel,3,Van Horn,4
2018-10-04,Trinity Catholic,2,Veritas Christian Academy,3
2018-10-04,Hillcrest,1,West Plains,6
2018-10-04,Orchard Farm,2,Whitfield,1
2018-10-04,Bolivar,0,Willard,5
2018-10-04,Ruskin,3,Winnetonka,2
2018-10-05,Brentwood,0,Bayless,4
2018-10-05,Fatima,5,Belle,0
2018-10-05,Joplin,2,Carl Junction,1
2018-10-05,Maryville,1,Carthage,6
2018-10-05,Kickapoo,1,Chaminade College Prep,10
2018-10-05,John Burroughs,0,Clayton,1
2018-10-05,Smithton,1,Cole Camp,3
2018-10-05,Hancock,3,Crossroads College Preparatory,0
2018-10-05,Rock Bridge,1,De Smet Jesuit,1
2018-10-05,Lutheran South,3,Fox,0
2018-10-05,Liberty (Wentzville),10,Frontier STEM,1
2018-10-05,East (Kansas City),0,Ft. Zumwalt South,1
2018-10-05,St. Charles,1,Glendale,3
2018-10-05,Sacred Heart,2,Green Ridge,1
2018-10-05,Aurora,1,Greenwood,2
2018-10-05,Rolla,3,Harrisonville,1
2018-10-05,Ft. Zumwalt North,0,Holt,3
2018-10-05,Willard,1,La Monte,4
2018-10-05,Barstow,0,Ladue Horton Watkins,6
2018-10-05,Lee's Summit,2,Lee's Summit North,1
2018-10-05,Gateway Science Charter,2,Metro,1
2018-10-05,Logan-Rogersville,0,New Covenant Academy,1
2018-10-05,Springfield Catholic,3,Nixa,0
2018-10-05,Hazelwood East,1,North Technical,2
2018-10-05,Neosho,2,Parkview,1
2018-10-05,Waynesville,0,Parkway Central,4
2018-10-05,Duchesne,0,Priory,9
2018-10-05,Notre Dame (Cape Girardeau),2,St. Pius X (Festus),3
2018-10-05,Cassville,5,Thomas Jefferson Independent Day,1
2018-10-05,Maplewood-Richmond Hts.,0,Valley Park,1
2018-10-05,St. Francis Borgia,1,Washington,2
2018-10-05,Veritas Christian Academy,1,Westminster Christian Academy,9
2018-10-05,Orchard Farm,2,Whitfield,1
2018-10-05,Lutheran St. Charles,7,Winfield,0
2018-10-06,Timberland,2,Battle,1
2018-10-06,Neosho,1,Carl Junction,1
2018-10-06,Parkview,5,Carl Junction,6
2018-10-06,Ft. Zumwalt South,2,Glendale,1
2018-10-06,Helias Catholic,2,Hannibal,1
2018-10-06,Waynesville,3,Harrisonville,5
2018-10-06,Neosho,1,Joplin,5
2018-10-06,Parkview,1,Joplin,3
2018-10-06,Willard,1,La Monte,4
2018-10-06,Kickapoo,0,Marquette,10
2018-10-06,Rolla,1,Parkway Central,2
2018-10-06,East (Kansas City),2,Rock Bridge,3
2018-10-06,Ft. Zumwalt West,1,Rockwood Summit,4
2018-10-06,Christian Brothers College,2,St. Dominic,0
2018-10-06,De Smet Jesuit,6,St. Charles,0
2018-10-06,East (Kansas City),3,St. Charles,1
2018-10-06,Oakville,2,Vianney,3
2018-10-08,Fort Osage,0,Belton,3
2018-10-08,Osage,0,Boonville,3
2018-10-08,Kickapoo,4,Branson,3
2018-10-08,Waynesville,0,Carnahan,0
2018-10-08,Monett,2,Cassville,1
2018-10-08,Lee's Summit,1,Central (St. Joseph),0
2018-10-08,Webster Groves,1,Chaminade College Prep,4
2018-10-08,Parkway West,3,Clayton,0
2018-10-08,Bayless,7,Crossroads College Preparatory,0
2018-10-08,Crocker,4,Dixon,2
2018-10-08,Lincoln College Prep,1,East (Kansas City),2
2018-10-08,Sikeston,1,Farmington,10
2018-10-08,Seckman,1,Fox,2
2018-10-08,Mexico,2,Fulton,3
2018-10-08,Roosevelt,3,Gateway,8
2018-10-08,McCluer,0,Hancock,5
2018-10-08,Duchesne,1,Hazelwood West,2
2018-10-08,Belle,1,Iberia,0
2018-10-08,Perryville,1,Jackson,3
2018-10-08,Helias Catholic,0,Jefferson City,1
2018-10-08,Springfield Catholic,2,Joplin,1
2018-10-08,Willard,3,Knob Noster,2
2018-10-08,Westminster Christian Academy,1,Lafayette (Wildwood),1
2018-10-08,Blue Springs South,3,Lee's Summit West,4
2018-10-08,Rockhurst,2,Liberty North,0
2018-10-08,Hillcrest,0,Logan-Rogersville,6
2018-10-08,Collegiate School of Med-Bio Science,2,McKinley Classical Leadership,7
2018-10-08,Lutheran South,2,Mehlville,3
2018-10-08,Bishop DuBourg,0,MICDS,5
2018-10-08,Southern Boone,6,Moberly,0
2018-10-08,Marshfield,2,New Covenant Academy,3
2018-10-08,Guadalupe Centers Charter,6,Northeast (Kansas City),0
2018-10-08,Lutheran North,1,Orchard Farm,7
2018-10-08,Raymore-Peculiar,0,Park Hill,1
2018-10-08,John Burroughs,1,Parkway Central,1
2018-10-08,Smithville,0,Pembroke Hill,3
2018-10-08,Grandview,1,Platte County,2
2018-10-08,Clinton,1,Pleasant Hill,2
2018-10-08,Lone Jack,5,Smithton,1
2018-10-08,Cleveland NJROTC,0,Soldan International Studies,10
2018-10-08,Whitfield,1,St. Charles West,3
2018-10-08,Washington,4,St. Clair,0
2018-10-08,Francis Howell Central,0,St. Dominic,3
2018-10-08,Park Hill South,3,Staley,0
2018-10-08,Marshall,1,Timberland,4
2018-10-08,Liberty,0,St. Charles,2
2018-10-08,Summit Christian Academy,2,Warrensburg,3
2018-10-08,Van Horn,5,William Chrisman,0
2018-10-08,Maplewood-Richmond Hts.,5,Winfield,0
2018-10-09,Rock Bridge,3,Battle,1
2018-10-09,Hancock,0,Bayless,4
2018-10-09,Valley Park,3,Brentwood,2
2018-10-09,Savannah,1,Center,0
2018-10-09,Bolivar,2,Clinton,1
2018-10-09,Cardinal Ritter,0,Collegiate School of Med-Bio Science,2
2018-10-09,Belle,3,Crocker,7
2018-10-09,Warrensburg,1,Excelsior Springs,2
2018-10-09,St. Francis Borgia,2,Father Tolton,1
2018-10-09,Union,5,Festus,1
2018-10-09,Ritenour,1,Fox,0
2018-10-09,Francis Howell,3,Francis Howell North,0
2018-10-09,Liberty (Wentzville),2,Ft. Zumwalt North,1
2018-10-09,Kearney,2,Grain Valley,0
2018-10-09,Moberly,1,Hannibal,10
2018-10-09,Westminster Christian Academy,2,Hazelwood West,0
2018-10-09,Windsor (Imperial),1,Hillsboro,4
2018-10-09,Sacred Heart,2,La Monte,1
2018-10-09,Marquette,2,Ladue Horton Watkins,1
2018-10-09,Duchesne,0,Lafayette (Wildwood),6
2018-10-09,Kirkwood,0,Lindbergh,3
2018-10-09,Fair Grove,4,Logan-Rogersville,1
2018-10-09,Trinity Catholic,4,Lutheran St. Charles,1
2018-10-09,Crossroads College Preparatory,1,Maplewood-Richmond Hts.,2
2018-10-09,Kirksville,5,Mexico,1
2018-10-09,Ozark,6,Neosho,0
2018-10-09,Parkway South,4,Northwest (Cedar Hill),3
2018-10-09,Central (Cape Girardeau),0,Notre Dame (Cape Girardeau),1
2018-10-09,Belton,1,Oak Park,2
2018-10-09,Eureka,2,Oakville,3
2018-10-09,Pleasant Hill,3,Odessa,1
2018-10-09,St. Charles West,6,Orchard Farm,0
2018-10-09,Webb City,2,Pacific,1
2018-10-09,Camdenton,0,Parkview,3
2018-10-09,Chaminade College Prep,6,Parkway Central,1
2018-10-09,Parkway North,1,Parkway West,4
2018-10-09,Priory,4,Principia,0
2018-10-09,Ruskin,0,Raytown,3
2018-10-09,Smithville,1,Raytown South,3
2018-10-09,Carthage,2,Republic,3
2018-10-09,Osage,1,Richland,2
2018-10-09,Lebanon,0,Rolla,10
2018-10-09,Warrenton,2,St. Charles,1
2018-10-09,DeSoto,1,St. Pius X (Festus),2
2018-10-09,Ft. Zumwalt South,1,Timberland,2
2018-10-09,Ft. Zumwalt West,4,Troy Buchanan,1
2018-10-09,Ft. Zumwalt East,1,Washington,0
2018-10-09,Kickapoo,3,Waynesville,1
2018-10-09,Branson,2,Webb City,1
2018-10-09,Vianney,2,Webster Groves,1
2018-10-09,Central (Springfield),4,West Plains,5
2018-10-09,North Kansas City,1,William Chrisman,0
2018-10-09,Platte County,7,Winnetonka,0
2018-10-10,Whitfield,1,Affton,3
2018-10-10,St. Pius X (Festus),1,Bayless,3
2018-10-10,Bishop LeBlond,1,Benton,7
2018-10-10,Veritas Christian Academy,4,Bishop DuBourg,3
2018-10-10,Lee's Summit North,6,Blue Springs,0
2018-10-10,Jackson,4,Central (Cape Girardeau),3
2018-10-10,Lift for Life Academy Charter,0,Collegiate School of Med-Bio Science,0
2018-10-10,Christian Brothers College,4,De Smet Jesuit,0
2018-10-10,St. Clair,0,Dixon,1
2018-10-10,Warrensburg,1,Excelsior Springs,2
2018-10-10,Perryville,2,Farmington,3
2018-10-10,Missouri Military Academy,5,Gateway Science Charter,0
2018-10-10,Father Tolton,1,Helias Catholic,2
2018-10-10,Francis Howell Central,1,Holt,3
2018-10-10,Lincoln College Prep,10,Lafayette (St. Joseph),0
2018-10-10,Liberty,0,Liberty North,4
2018-10-10,Northeast (Kansas City),0,Lincoln College Prep,3
2018-10-10,Lutheran North,0,Lutheran St. Charles,3
2018-10-10,Brentwood,3,McCluer North,2
2018-10-10,Hazelwood East,0,Metro,10
2018-10-10,DeSoto,0,North County,4
2018-10-10,Harrisonville,3,Oak Grove,0
2018-10-10,St. Charles,1,Park Hill South,4
2018-10-10,Blue Springs South,0,Pembroke Hill,1
2018-10-10,Lee's Summit West,3,Raymore-Peculiar,1
2018-10-10,Lafayette (St. Joseph),0,Savannah,9
2018-10-10,Green Ridge,0,Southern Boone,10
2018-10-10,Northwest (Cedar Hill),4,Webb City,3
2018-10-10,University City,7,Winfield,0
2018-10-10,Platte County,7,Winnetonka,0
2018-10-11,Thomas Jefferson Independent Day,0,Aurora,10
2018-10-11,Fatima,1,Battle,3
2018-10-11,Lafayette (St. Joseph),0,Belton,10
2018-10-11,Chillicothe,1,Benton,2
2018-10-11,Willard,3,Branson,8
2018-10-11,West Plains,6,Camdenton,1
2018-10-11,McCluer North,3,Cardinal Ritter,0
2018-10-11,Webb City,4,Carl Junction,1
2018-10-11,Monett,1,Carthage,2
2018-10-11,Lutheran (Kansas City),0,Center,2
2018-10-11,Rolla,6,Central (Springfield),2
2018-10-11,John Burroughs,0,Chaminade College Prep,2
2018-10-11,St. Michael the Archangel,5,Clinton,0
2018-10-11,Westminster Christian Academy,4,Duchesne,0
2018-10-11,Lindbergh,1,Eureka,2
2018-10-11,Harrisonville,3,Excelsior Springs,2
2018-10-11,St. Paul Lutheran (Farmington),1,Festus,9
2018-10-11,North Kansas City,5,Fort Osage,6
2018-10-11,St. Charles West,2,Ft. Zumwalt North,1
2018-10-11,Francis Howell North,1,Ft. Zumwalt West,2
2018-10-11,New Covenant Academy,1,Greenwood,3
2018-10-11,Lafayette (Wildwood),0,Hazelwood West,0
2018-10-11,Marshall,0,Helias Catholic,5
2018-10-11,North County,1,Hillsboro,0
2018-10-11,Grandview,1,Kearney,3
2018-10-11,Canton,0,Kirksville,10
2018-10-11,Bishop LeBlond,0,Lafayette (St. Joseph),6
2018-10-11,Osage,0,Laquey,10
2018-10-11,Glendale,3,Lebanon,1
2018-10-11,Staley,0,Lee's Summit,10
2018-10-11,St. Charles,0,Liberty (Wentzville),3
2018-10-11,Guadalupe Centers Charter,2,Lincoln College Prep,0
2018-10-11,MICDS,5,Lutheran North,1
2018-10-11,Republic,4,Marshfield,0
2018-10-11,St. Pius X (Kansas City),2,Maryville,4
2018-10-11,Hazelwood East,0,McCluer,6
2018-10-11,Logan-Rogersville,0,McDonald County,2
2018-10-11,Ladue Horton Watkins,2,Mehlville,1
2018-10-11,Hannibal,6,Mexico,0
2018-10-11,Boonville,2,Moberly,3
2018-10-11,Lift for Life Academy Charter,2,North Technical,3
2018-10-11,Frontier STEM,1,Northeast (Kansas City),6
2018-10-11,Kirkwood,0,Oakville,3
2018-10-11,Oak Grove,4,Odessa,2
2018-10-11,Oak Park,1,Park Hill,5
2018-10-11,Bolivar,1,Parkview,2
2018-10-11,Webster Groves,0,Parkway Central,2
2018-10-11,Fox,0,Parkway South,8
2018-10-11,Affton,0,Pattonville,10
2018-10-11,Lutheran South,0,Priory,7
2018-10-11,William Chrisman,2,Raytown,0
2018-10-11,Grain Valley,1,Raytown South,4
2018-10-11,Seckman,2,Ritenour,1
2018-10-11,Savannah,0,Rock Bridge,3
2018-10-11,Webster Groves,1,Rockwood Summit,2
2018-10-11,Belton,9,Ruskin,2
2018-10-11,Willard,1,Smithton,5
2018-10-11,Platte County,0,Smithville,2
2018-10-11,Fulton,0,Southern Boone,4
2018-10-11,Cassville,0,Springfield Catholic,10
2018-10-11,Ft. Zumwalt South,3,St. Dominic,2
2018-10-11,Sacred Heart,1,St. Paul Lutheran (Concordia),0
2018-10-11,St. Francis Borgia,0,St. Pius X (Festus),1
2018-10-11,Washington,0,Timberland,3
2018-10-11,Bishop DuBourg,0,Trinity Catholic,2
2018-10-11,Francis Howell,7,Troy Buchanan,0
2018-10-11,Winfield,0,Union,10
2018-10-11,Hazelwood Central,1,University City,2
2018-10-11,Pleasant Hill,5,Warrensburg,1
2018-10-11,St. Clair,0,Windsor (Imperial),7
2018-10-12,St. Michael the Archangel,9,Cristo Rey,1
2018-10-12,Valley Park,4,Hancock,0
2018-10-12,Liberty (Wentzville),0,Holt,2
2018-10-12,Kickapoo,3,Jefferson City,5
2018-10-12,Pleasant Hill,4,Lafayette (St. Joseph),2
2018-10-12,Kirkwood,0,Lutheran South,3
2018-10-12,Father Tolton,2,Lutheran St. Charles,0
2018-10-12,Brentwood,0,Maplewood-Richmond Hts.,1
2018-10-12,Clayton,2,MICDS,0
2018-10-12,Chaminade College Prep,4,Nixa,1
2018-10-12,Francis Howell Central,2,Oakville,1
2018-10-12,Francis Howell,2,Oakville,1
2018-10-12,Vianney,1,Ozark,0
2018-10-12,Fox,0,Parkway North,3
2018-10-12,Iberia,1,Richland,5
2018-10-12,Waynesville,0,Savannah,3
2018-10-13,Rockhurst,0,Christian Brothers College,2
2018-10-13,Veritas Christian Academy,2,Duchesne,1
2018-10-13,Kirksville,6,Fulton,1
2018-10-13,Vianney,2,Glendale,0
2018-10-13,Marshall,0,Hickman,3
2018-10-13,Nixa,2,Jefferson City,1
2018-10-13,Webster Groves,0,John Burroughs,3
2018-10-13,Rockhurst,2,Marquette,1
2018-10-13,Notre Dame (Cape Girardeau),0,Priory,5
2018-10-13,Belle,0,Richland,3
2018-10-13,De Smet Jesuit,3,SLUH,0
2018-10-13,Missouri Military Academy,3,St. Paul Lutheran (Concordia),2
2018-10-13,Dixon,0,West Plains,9
2018-10-15,New Covenant Academy,0,Aurora,1
2018-10-15,Savannah,2,Battle,0
2018-10-15,Osage,9,Belle,1
2018-10-15,St. Pius X (Kansas City),5,Benton,2
2018-10-15,Lutheran St. Charles,1,Bishop DuBourg,2
2018-10-15,Blue Springs,2,Blue Springs South,5
2018-10-15,Ritenour,5,Brentwood,0
2018-10-15,Roosevelt,6,Carnahan,0
2018-10-15,Hillcrest,1,Cassville,3
2018-10-15,Liberty North,1,Central (St. Joseph),2
2018-10-15,Hannibal,3,Chillicothe,0
2018-10-15,Camdenton,1,Clinton,2
2018-10-15,Southern Boone,2,Father Tolton,1
2018-10-15,Jefferson City,0,Fatima,3
2018-10-15,Northland Christian,0,Guadalupe Centers Charter,6
2018-10-15,Oak Grove,1,Harrisonville,2
2018-10-15,McCluer,1,Hazelwood West,3
2018-10-15,East (Kansas City),0,Helias Catholic,2
2018-10-15,Marshall,1,Kirksville,0
2018-10-15,Clayton,3,Kirkwood,1
2018-10-15,Lone Jack,6,La Monte,1
2018-10-15,St. Charles,2,Lee's Summit,10
2018-10-15,Pembroke Hill,0,Lee's Summit West,1
2018-10-15,Park Hill South,1,Liberty,2
2018-10-15,Cristo Rey,0,Lincoln College Prep,2
2018-10-15,Principia,2,Lutheran South,3
2018-10-15,McKinley Classical Leadership,3,Metro,0
2018-10-15,St. Francis Borgia,0,MICDS,2
2018-10-15,Mexico,3,Moberly,4
2018-10-15,Bolivar,0,Monett,5
2018-10-15,Belton,2,North Kansas City,1
2018-10-15,McCluer North,7,North Technical,1
2018-10-15,Parkway North,0,Northwest (Cedar Hill),8
2018-10-15,Platte County,0,Oak Park,3
2018-10-15,Maplewood-Richmond Hts.,2,Orchard Farm,6
2018-10-15,Lee's Summit North,2,Park Hill,1
2018-10-15,Fredericktown,0,Perryville,3
2018-10-15,Ft. Zumwalt South,0,Rock Bridge,2
2018-10-15,Waynesville,0,Roosevelt,9
2018-10-15,Maryville,4,Savannah,1
2018-10-15,Windsor (Imperial),0,Seckman,2
2018-10-15,Gateway,1,Soldan International Studies,4
2018-10-15,Festus,7,St. Paul Lutheran (Farmington),1
2018-10-15,William Chrisman,2,Staley,4
2018-10-15,St. Clair,1,Webb City,4
2018-10-15,Duchesne,2,Trinity Catholic,1
2018-10-15,Knob Noster,2,Warrensburg,6
2018-10-15,Chaminade College Prep,3,Webster Groves,0
2018-10-15,Central (Springfield),4,West Plains,5
2018-10-15,Smithville,2,Winnetonka,0
2018-10-16,Parkway North,2,Affton,7
2018-10-16,Dixon,4,Belle,1
2018-10-16,William Chrisman,5,Belton,6
2018-10-16,Osage,2,Bolivar,6
2018-10-16,Glendale,4,Branson,2
2018-10-16,New Covenant Academy,1,Cassville,0
2018-10-16,La Monte,1,Cole Camp,4
2018-10-16,Valley Park,3,Crossroads College Preparatory,2
2018-10-16,St. Dominic,0,De Smet Jesuit,3
2018-10-16,St. Paul Lutheran (Farmington),0,DeSoto,8
2018-10-16,Poplar Bluff,0,Farmington,10
2018-10-16,Kirksville,1,Father Tolton,2
2018-10-16,Laquey,2,Fatima,1
2018-10-16,Raytown,4,Fort Osage,3
2018-10-16,Parkway Central,4,Fox,0
2018-10-16,Holt,0,Francis Howell,2
2018-10-16,Troy Buchanan,1,Francis Howell North,2
2018-10-16,Ft. Zumwalt South,5,Ft. Zumwalt East,0
2018-10-16,Timberland,2,Ft. Zumwalt North,1
2018-10-16,Francis Howell Central,1,Ft. Zumwalt West,3
2018-10-16,Grain Valley,0,Grandview,1
2018-10-16,Crocker,6,Green Ridge,1
2018-10-16,Logan-Rogersville,0,Greenwood,1
2018-10-16,Brentwood,1,Hancock,0
2018-10-16,Fulton,2,Hannibal,6
2018-10-16,McCluer North,1,Hazelwood Central,2
2018-10-16,St. Clair,0,Hillsboro,9
2018-10-16,Rock Bridge,2,Jefferson City,0
2018-10-16,Winnetonka,0,Kearney,4
2018-10-16,Marquette,3,Kirkwood,1
2018-10-16,Clinton,2,Knob Noster,0
2018-10-16,Lindbergh,2,Ladue Horton Watkins,1
2018-10-16,Eureka,2,Lafayette (Wildwood),1
2018-10-16,Park Hill South,1,Liberty,2
2018-10-16,Washington,1,Liberty (Wentzville),3
2018-10-16,Central (Kansas City),0,Lincoln College Prep,10
2018-10-16,Pembroke Hill,1,Lutheran (Kansas City),2
2018-10-16,John Burroughs,5,Lutheran North,0
2018-10-16,Duchesne,2,Lutheran St. Charles,1
2018-10-16,Bayless,7,Maplewood-Richmond Hts.,0
2018-10-16,Marshfield,1,McDonald County,2
2018-10-16,Webster Groves,0,Mehlville,1
2018-10-16,Boonville,0,Missouri Military Academy,8
2018-10-16,Joplin,0,Nixa,5
2018-10-16,Warrensburg,1,Oak Grove,3
2018-10-16,Republic,1,Ozark,3
2018-10-16,Lebanon,0,Parkview,6
2018-10-16,Raytown South,1,Platte County,3
2018-10-16,Excelsior Springs,1,Pleasant Hill,3
2018-10-16,Chaminade College Prep,0,Priory,3
2018-10-16,Pattonville,4,Ritenour,3
2018-10-16,Oakville,0,Rockwood Summit,2
2018-10-16,Camdenton,1,Rolla,4
2018-10-16,Oak Park,3,Ruskin,0
2018-10-16,Smithton,0,Sacred Heart,7
2018-10-16,Bishop LeBlond,2,Savannah,4
2018-10-16,Parkway South,6,Seckman,1
2018-10-16,Waynesville,1,Springfield Catholic,4
2018-10-16,St. Charles,0,St. Charles West,1
2018-10-16,Helias Catholic,1,St. Francis Borgia,2
2018-10-16,Savannah,1,St. Michael the Archangel,0
2018-10-16,Lafayette (St. Joseph),0,St. Pius X (Kansas City),7
2018-10-16,Webb City,1,Union,2
2018-10-16,McCluer,2,University City,5
2018-10-16,Christian Brothers College,2,Vianney,1
2018-10-16,Monett,5,Webb City,4
2018-10-16,Lutheran South,0,Westminster Christian Academy,5
2018-10-16,Neosho,0,Willard,2
2018-10-16,Warrenton,10,Winfield,0
2018-10-17,Maplewood-Richmond Hts.,0,Bayless,5
2018-10-17,Trinity Catholic,5,Bishop DuBourg,1
2018-10-17,Park Hill,2,Blue Springs,0
2018-10-17,Roosevelt,6,Carnahan,0
2018-10-17,St. Paul Lutheran (Concordia),1,Center,2
2018-10-17,Staley,0,Central (St. Joseph),2
2018-10-17,Northland Christian,1,Cristo Rey,2
2018-10-17,Guadalupe Centers Charter,1,East (Kansas City),4
2018-10-17,Odessa,0,Excelsior Springs,3
2018-10-17,Winfield,0,Festus,4
2018-10-17,Central (Cape Girardeau),1,Fredericktown,2
2018-10-17,Metro,2,Gateway,7
2018-10-17,Parkview,0,Glendale,5
2018-10-17,Affton,4,Hancock,1
2018-10-17,Fulton,2,Hannibal,6
2018-10-17,Helias Catholic,3,Hickman,2
2018-10-17,Central (Springfield),6,Hillcrest,0
2018-10-17,Notre Dame (Cape Girardeau),1,Jackson,0
2018-10-17,Rock Bridge,2,Jefferson City,0
2018-10-17,Richland,0,Laquey,2
2018-10-17,Lee's Summit West,3,Lee's Summit North,0
2018-10-17,Webster Groves,0,Lindbergh,1
2018-10-17,University City,4,McCluer North,0
2018-10-17,Gateway Science Charter,0,North County,3
2018-10-17,Ruskin,0,North Kansas City,7
2018-10-17,Central (Kansas City),0,Northeast (Kansas City),10
2018-10-17,Windsor (Imperial),2,Oakville,1
2018-10-17,Liberty North,0,Park Hill South,3
2018-10-17,Seckman,1,Parkway Central,5
2018-10-17,Hazelwood Central,1,Pattonville,4
2018-10-17,Smithville,0,Pembroke Hill,3
2018-10-17,St. Pius X (Festus),2,Perryville,1
2018-10-17,Blue Springs South,3,Raymore-Peculiar,2
2018-10-17,Kickapoo,3,Rolla,2
2018-10-17,Chillicothe,1,Savannah,0
2018-10-17,St. Michael the Archangel,0,Savannah,1
2018-10-17,Aurora,2,Springfield Catholic,3
2018-10-17,Warrenton,5,St. Clair,1
2018-10-17,Frontier STEM,0,Summit Christian Academy,1
2018-10-17,St. Charles,4,Van Horn,5
2018-10-17,Pacific,0,Washington,3
2018-10-17,Lutheran North,1,Whitfield,3
2018-10-18,Carl Junction,3,Aurora,1
2018-10-18,Republic,4,Bolivar,0
2018-10-18,Savannah,10,Boonville,0
2018-10-18,Nixa,6,Branson,2
2018-10-18,Osage,0,Camdenton,1
2018-10-18,Metro,6,Carnahan,0
2018-10-18,Joplin,2,Carthage,4
2018-10-18,Summit Christian Academy,0,Center,4
2018-10-18,Hazelwood West,2,Clayton,1
2018-10-18,Roosevelt,3,Collegiate School of Med-Bio Science,1
2018-10-18,Ladue Horton Watkins,2,Eureka,0
2018-10-18,Ruskin,0,Fort Osage,2
2018-10-18,Francis Howell North,0,Francis Howell Central,3
2018-10-18,DeSoto,3,Fredericktown,5
2018-10-18,Ft. Zumwalt East,2,Ft. Zumwalt North,3
2018-10-18,Washington,0,Ft. Zumwalt South,6
2018-10-18,Vianney,1,Ft. Zumwalt West,0
2018-10-18,Moberly,3,Fulton,0
2018-10-18,Parkview,0,Glendale,5
2018-10-18,Platte County,2,Grain Valley,1
2018-10-18,Fatima,1,Green Ridge,0
2018-10-18,Warrenton,1,Hannibal,6
2018-10-18,Clinton,1,Harrisonville,6
2018-10-18,McCluer North,3,Hazelwood East,0
2018-10-18,Marshfield,5,Hillcrest,0
2018-10-18,Webster Groves,2,Hillsboro,3
2018-10-18,Cole Camp,2,Iberia,0
2018-10-18,Central (Springfield),0,Jefferson City,2
2018-10-18,Central (St. Joseph),0,Kearney,1
2018-10-18,Knob Noster,0,Lone Jack,9
2018-10-18,St. Pius X (Festus),0,Lutheran South,3
2018-10-18,Rockwood Summit,1,Marquette,4
2018-10-18,Warrensburg,1,Marshall,5
2018-10-18,Lafayette (St. Joseph),2,Maryville,8
2018-10-18,Soldan International Studies,6,McKinley Classical Leadership,3
2018-10-18,Kirkwood,0,MICDS,3
2018-10-18,Battle,1,Missouri Military Academy,2
2018-10-18,Monett,1,Neosho,0
2018-10-18,Lutheran (Kansas City),4,Northland Christian,0
2018-10-18,Fox,1,Northwest (Cedar Hill),6
2018-10-18,Pleasant Hill,1,Oak Grove,2
2018-10-18,North Kansas City,1,Oak Park,0
2018-10-18,St. Charles,2,Orchard Farm,3
2018-10-18,West Plains,0,Ozark,6
2018-10-18,Union,3,Pacific,1
2018-10-18,Liberty North,0,Park Hill South,3
2018-10-18,Ritenour,3,Parkway North,1
2018-10-18,Pattonville,0,Parkway South,2
2018-10-18,Affton,0,Parkway West,10
2018-10-18,Windsor (Imperial),1,Perryville,6
2018-10-18,Bayless,2,Principia,1
2018-10-18,Winnetonka,0,Raytown South,5
2018-10-18,Southern Boone,7,Sacred Heart,0
2018-10-18,Grandview,2,Smithville,1
2018-10-18,Willard,2,Springfield Catholic,3
2018-10-18,SLUH,1,St. Dominic,2
2018-10-18,Frontier STEM,0,St. Paul Lutheran (Concordia),7
2018-10-18,Greenwood,7,Thomas Jefferson Independent Day,2
2018-10-18,Francis Howell,3,Timberland,0
2018-10-18,Holt,4,Troy Buchanan,0
2018-10-18,Lutheran St. Charles,0,Veritas Christian Academy,2
2018-10-18,Cassville,1,Webb City,4
2018-10-18,St. Charles West,2,Westminster Christian Academy,1
2018-10-19,Notre Dame (Cape Girardeau),2,Bayless,2
2018-10-19,Parkway Central,1,Clayton,0
2018-10-19,Willard,1,Cole Camp,4
2018-10-19,Ladue Horton Watkins,2,Eureka,0
2018-10-19,Smithton,1,Fair Grove,5
2018-10-19,Rolla,2,Father Tolton,2
2018-10-19,Ft. Zumwalt East,0,Francis Howell North,2
2018-10-19,St. Charles,0,Ft. Zumwalt North,9
2018-10-19,Vianney,1,Ft. Zumwalt West,0
2018-10-19,North County,1,Hickman,0
2018-10-19,Timberland,1,Holt,5
2018-10-19,Green Ridge,2,Jefferson City,3
2018-10-19,Whitfield,0,John Burroughs,4
2018-10-19,Laquey,6,La Monte,1
2018-10-19,Liberty,0,Lee's Summit,5
2018-10-19,University City,2,Maplewood-Richmond Hts.,1
2018-10-19,Oakville,4,Mehlville,1
2018-10-19,Belton,2,North Kansas City,1
2018-10-19,SLUH,2,Parkway South,1
2018-10-19,Kearney,0,Pembroke Hill,4
2018-10-19,Crocker,6,Richland,4
2018-10-19,Jackson,0,Rock Bridge,5
2018-10-19,Central (Cape Girardeau),1,St. Charles West,4
2018-10-19,Parkway West,3,Webster Groves,1
2018-10-20,Waynesville,0,Central (Springfield),3
2018-10-20,Laquey,2,Cole Camp,1
2018-10-20,St. Dominic,3,Duchesne,0
2018-10-20,Laquey,0,Fair Grove,4
2018-10-20,Smithton,5,Green Ridge,4
2018-10-20,Marshall,3,Hannibal,0
2018-10-20,Jackson,2,Hickman,0
2018-10-20,Cole Camp,1,Jefferson City,2
2018-10-20,Fair Grove,1,Jefferson City,0
2018-10-20,Willard,0,La Monte,1
2018-10-20,Smithton,2,La Monte,1
2018-10-20,Rockwood Summit,5,Ladue Horton Watkins,1
2018-10-20,Park Hill,1,Lee's Summit North,0
2018-10-20,University City,0,MICDS,5
2018-10-20,Father Tolton,0,North County,1
2018-10-20,Lindbergh,0,Vianney,2
2018-10-22,McKinley Classical Leadership,9,St. Paul Lutheran (Farmington),2
2018-10-22,Lutheran North,4,Collegiate School of Med-Bio Science,0
2018-10-22,Cole Camp,7,Belle,0
2018-10-22,Smithton,2,Willard,3
2018-10-22,Richland,3,Iberia,1
2018-10-22,Green Ridge,2,La Monte,0
2018-10-22,Northland Christian,0,Bishop LeBlond,1
2018-10-22,St. Pius X (Festus),3,Fredericktown,1
2018-10-22,Notre Dame (Cape Girardeau),1,Perryville,0
2018-10-22,Cardinal Ritter,4,Waynesville,3
2018-10-22,Lutheran St. Charles,7,St. Clair,0
2018-10-22,Whitfield,6,Webb City,0
2018-10-22,Springfield Catholic,5,Osage,1
2018-10-22,Clinton,1,Fatima,2
2018-10-22,Southern Boone,9,Knob Noster,0
2018-10-22,Father Tolton,9,Boonville,2
2018-10-22,St. Michael the Archangel,3,Odessa,0
2018-10-22,Pleasant Hill,3,Oak Grove,1
2018-10-22,Guadalupe Centers Charter,14,Central (Kansas City),0
2018-10-22,Lincoln College Prep,10,Cristo Rey,0
2018-10-22,Smithville,1,Excelsior Springs,2
2018-10-22,Lindbergh,3,Farmington,4
2018-10-22,Parkway North,0,Francis Howell North,4
2018-10-22,Belton,1,Grain Valley,0
2018-10-22,St. Charles,0,Hazelwood West,4
2018-10-22,Fox,2,Hillsboro,1
2018-10-22,Parkview,3,Joplin,4
2018-10-22,Park Hill,1,Lee's Summit West,0
2018-10-22,Staley,1,Liberty North,2
2018-10-22,Lebanon,1,Marshfield,3
2018-10-22,Windsor (Imperial),0,North County,2
2018-10-22,Grandview,1,Oak Park,2
2018-10-22,DeSoto,5,Pacific,2
2018-10-22,Lee's Summit,4,Park Hill South,2
2018-10-22,Northwest (Cedar Hill),1,Parkway Central,3
2018-10-22,Webster Groves,0,Priory,4
2018-10-22,Blue Springs,0,Raymore-Peculiar,1
2018-10-22,Lee's Summit North,2,Rockhurst,3
2018-10-22,Hannibal,1,Troy Buchanan,2
2018-10-22,Central (St. Joseph),1,St. Charles,3
2018-10-22,Blue Springs South,1,Van Horn,2
2018-10-22,Jefferson City,4,Waynesville,0
2018-10-23,Maplewood-Richmond Hts.,1,Metro,2
2018-10-23,Crossroads College Preparatory,4,Canton,1
2018-10-23,Crocker,4,Dixon,1
2018-10-23,New Covenant Academy,1,Greenwood,0
2018-10-23,Barstow,5,Bishop LeBlond,0
2018-10-23,Summit Christian Academy,1,Lutheran (Kansas City),0
2018-10-23,Bayless,6,Hancock,0
2018-10-23,Lutheran South,1,Bishop DuBourg,0
2018-10-23,North Technical,2,Cardinal Ritter,3
2018-10-23,Roosevelt,6,Lift for Life Academy Charter,1
2018-10-23,John Burroughs,10,Gateway Science Charter,0
2018-10-23,Soldan International Studies,1,University City,2
2018-10-23,St. Charles West,3,Orchard Farm,1
2018-10-23,Trinity Catholic,2,Duchesne,1
2018-10-23,Winfield,1,Fulton,5
2018-10-23,Kirksville,3,Moberly,4
2018-10-23,Missouri Military Academy,7,Mexico,2
2018-10-23,Monett,3,Cassville,0
2018-10-23,Logan-Rogersville,1,Aurora,3
2018-10-23,Pembroke Hill,2,Center,1
2018-10-23,St. Pius X (Kansas City),6,Frontier STEM,2
2018-10-23,Chillicothe,1,Northeast (Kansas City),3
2018-10-23,Maryville,10,Lafayette (St. Joseph),0
2018-10-23,Savannah,5,Benton,1
2018-10-23,Carthage,2,Carl Junction,0
2018-10-23,Branson,1,Central (Springfield),2
2018-10-23,Jackson,1,De Smet Jesuit,3
2018-10-23,Sikeston,6,Festus,1
2018-10-23,William Chrisman,1,Fort Osage,2
2018-10-23,Clayton,3,Fox,1
2018-10-23,Francis Howell,3,Ft. Zumwalt South,1
2018-10-23,Christian Brothers College,4,Ft. Zumwalt West,0
2018-10-23,Platte County,0,Grandview,1
2018-10-23,Affton,4,Hazelwood West,5
2018-10-23,Vianney,1,Helias Catholic,0
2018-10-23,Battle,1,Hickman,3
2018-10-23,Lebanon,2,Hillcrest,1
2018-10-23,Eureka,1,Kirkwood,1
2018-10-23,Webster Groves,1,Ladue Horton Watkins,2
2018-10-23,Rock Bridge,5,Marshall,0
2018-10-23,Marquette,1,Mehlville,0
2018-10-23,West Plains,0,Nixa,7
2018-10-23,Windsor (Imperial),0,Northwest (Cedar Hill),1
2018-10-23,Lindbergh,3,Oakville,2
2018-10-23,Parkway North,0,Parkway South,4
2018-10-23,Parkway Central,0,Pattonville,3
2018-10-23,Oak Park,3,Raytown,1
2018-10-23,Kearney,4,Raytown South,3
2018-10-23,Webb City,0,Republic,8
2018-10-23,Parkway West,6,Ritenour,0
2018-10-23,Lafayette (Wildwood),0,Rockwood Summit,1
2018-10-23,North Kansas City,6,Ruskin,0
2018-10-23,Pacific,2,Seckman,3
2018-10-23,Ozark,2,Savannah,1
2018-10-23,Winnetonka,1,Smithville,6
2018-10-23,Holt,8,St. Charles,0
2018-10-23,St. Francis Borgia,1,St. Dominic,2
2018-10-23,Liberty (Wentzville),0,Timberland,1
2018-10-23,Warrenton,1,Union,2
2018-10-23,Excelsior Springs,1,Warrensburg,0
2018-10-23,Troy Buchanan,3,Washington,2
2018-10-24,Lutheran North,4,Crossroads College Preparatory,1
2018-10-24,Cole Camp,4,Willard,1
2018-10-24,Laquey,5,Richland,1
2018-10-24,Lone Jack,7,Green Ridge,3
2018-10-24,St. Paul Lutheran (Concordia),1,Sacred Heart,0
2018-10-24,St. Pius X (Festus),0,Notre Dame (Cape Girardeau),3
2018-10-24,John Burroughs,7,University City,0
2018-10-24,Springfield Catholic,3,Fatima,0
2018-10-24,Southern Boone,3,Father Tolton,2
2018-10-24,St. Michael the Archangel,3,Pleasant Hill,0
2018-10-24,Guadalupe Centers Charter,2,Lincoln College Prep,1
2018-10-24,North Kansas City,0,Belton,1
2018-10-24,Lee's Summit West,3,Blue Springs,0
2018-10-24,Liberty,1,Central (St. Joseph),0
2018-10-24,Van Horn,3,Harrisonville,1
2018-10-24,Parkway West,1,Hazelwood West,0
2018-10-24,Glendale,10,Hillcrest,0
2018-10-24,Republic,1,Kickapoo,2
2018-10-24,MICDS,1,Lafayette (Wildwood),2
2018-10-24,Blue Springs South,4,Lee's Summit North,5
2018-10-24,Lee's Summit,3,Liberty North,1
2018-10-24,Westminster Christian Academy,2,Lindbergh,3
2018-10-24,Hazelwood Central,5,McCluer,2
2018-10-24,Central (Cape Girardeau),1,North County,3
2018-10-24,Park Hill,2,Park Hill South,1
2018-10-24,Clayton,5,Ritenour,1
2018-10-24,Jefferson City,0,Rockhurst,1
2018-10-24,Oakville,3,Seckman,0
2018-10-24,Kirkwood,1,Webster Groves,2
2018-10-24,Staley,1,St. Charles,3
2018-10-25,Principia,4,Metro,0
2018-10-25,Valley Park,0,Brentwood,1
2018-10-25,Fair Grove,1,New Covenant Academy,0
2018-10-25,Barstow,2,Summit Christian Academy,0
2018-10-25,Bayless,1,Lutheran South,0
2018-10-25,Roosevelt,1,Cardinal Ritter,0
2018-10-25,St. Charles West,3,Trinity Catholic,0
2018-10-25,Lutheran St. Charles,0,Whitfield,1
2018-10-25,Veritas Christian Academy,8,Fulton,1
2018-10-25,Missouri Military Academy,7,Moberly,0
2018-10-25,Monett,4,Aurora,2
2018-10-25,St. Pius X (Kansas City),3,Northeast (Kansas City),2
2018-10-25,Maryville,5,Savannah,0
2018-10-25,Parkway Central,4,Affton,1
2018-10-25,Parkview,2,Branson,5
2018-10-25,Joplin,2,Carl Junction,1
2018-10-25,Festus,0,Central (Cape Girardeau),5
2018-10-25,Camdenton,0,Central (Springfield),8
2018-10-25,St. Dominic,1,Chaminade College Prep,3
2018-10-25,Rockwood Summit,1,Eureka,0
2018-10-25,Marquette,2,Francis Howell Central,1
2018-10-25,Ft. Zumwalt South,4,Ft. Zumwalt West,5
2018-10-25,Nixa,4,Glendale,5
2018-10-25,Smithville,0,Grain Valley,1
2018-10-25,Winnetonka,1,Grandview,8
2018-10-25,Hickman,1,Hannibal,0
2018-10-25,Warrensburg,0,Harrisonville,9
2018-10-25,Ft. Zumwalt East,3,Hazelwood West,2
2018-10-25,Ladue Horton Watkins,3,Lafayette (Wildwood),2
2018-10-25,Holt,1,Liberty (Wentzville),0
2018-10-25,West Plains,2,Marshfield,1
2018-10-25,Vianney,2,Mehlville,1
2018-10-25,Fort Osage,0,Oak Park,1
2018-10-25,Waynesville,0,Ozark,7
2018-10-25,Windsor (Imperial),2,Pacific,1
2018-10-25,Ft. Zumwalt North,3,Parkway North,4
2018-10-25,Northwest (Cedar Hill),1,Pattonville,4
2018-10-25,Kearney,1,Platte County,2
2018-10-25,Raytown South,2,Raytown,1
2018-10-25,Troy Buchanan,2,St. Charles,1
2018-10-25,Battle,0,Warrenton,1
2018-10-25,Timberland,2,Washington,1
2018-10-25,McDonald County,1,Webb City,7
2018-10-25,Ruskin,0,William Chrisman,7
2018-10-26,Laquey,3,Crocker,0
2018-10-26,Lone Jack,2,St. Paul Lutheran (Concordia),1
2018-10-27,Principia,7,Brentwood,0
2018-10-27,Oakville,4,Fox,0
2018-10-27,SLUH,2,Mehlville,1
2018-10-27,Chaminade College Prep,6,McCluer North,0
2018-10-27,Ritenour,1,Hazelwood Central,0
2018-10-27,Lee's Summit,5,Belton,0
2018-10-27,Lee's Summit West,4,Raymore-Peculiar,0
2018-10-29,Hillsboro,9,Festus,0
2018-10-29,Windsor (Imperial),5,DeSoto,1
2018-10-29,Clayton,10,Hazelwood East,0
2018-10-29,MICDS,1,Ladue Horton Watkins,2
2018-10-29,Rolla,3,Pacific,0
2018-10-29,Union,1,Camdenton,0
2018-10-29,Glendale,10,Lebanon,0
2018-10-29,West Plains,6,Marshfield,1
2018-10-29,Willard,8,Hillcrest,0
2018-10-29,Parkview,2,Bolivar,0
2018-10-29,Harrisonville,9,Ruskin,0
2018-10-29,Raytown South,4,Grandview,3
2018-10-29,Kearney,1,Excelsior Springs,0
2018-10-29,Platte County,1,Smithville,2
2018-10-29,Holt,7,Troy Buchanan,0
2018-10-29,Timberland,3,Battle,1
2018-10-29,Chaminade College Prep,5,Ritenour,0
2018-10-30,Bayless,0,Notre Dame (Cape Girardeau),2
2018-10-30,John Burroughs,10,Roosevelt,0
2018-10-30,Springfield Catholic,1,Monett,2
2018-10-30,St. Michael the Archangel,1,Southern Boone,2
2018-10-30,Whitfield,2,St. Charles West,3
2018-10-30,Missouri Military Academy,4,Veritas Christian Academy,6
2018-10-30,Guadalupe Centers Charter,1,Pembroke Hill,4
2018-10-30,Maryville,0,St. Pius X (Kansas City),1
2018-10-30,Farmington,3,Sikeston,0
2018-10-30,Central (Cape Girardeau),2,North County,1
2018-10-30,Webster Groves,7,Gateway,0
2018-10-30,Webster Groves,5,Affton,1
2018-10-30,Rockwood Summit,2,Parkway West,0
2018-10-30,Priory,3,Westminster Christian Academy,0
2018-10-30,Parkway Central,10,McCluer,0
2018-10-30,Parkway North,1,St. Charles,2
2018-10-30,Ft. Zumwalt South,10,Ft. Zumwalt East,0
2018-10-30,St. Dominic,2,Hannibal,0
2018-10-30,Liberty (Wentzville),10,Warrenton,0
2018-10-30,Washington,0,St. Francis Borgia,1
2018-10-30,Neosho,3,McDonald County,1
2018-10-30,Webb City,2,Carl Junction,1
2018-10-30,Helias Catholic,9,Warrensburg,0
2018-10-30,Savannah,5,Marshall,1
2018-10-30,Van Horn,5,Winnetonka,0
2018-10-30,East (Kansas City),0,Grain Valley,1
2018-10-30,Jackson,2,Poplar Bluff,0
2018-10-30,Northwest (Cedar Hill),2,Seckman,0
2018-10-30,De Smet Jesuit,6,Hazelwood West,0
2018-10-30,Francis Howell North,1,Pattonville,2
2018-10-30,Marquette,2,Lafayette (Wildwood),0
2018-10-30,Parkway South,3,Eureka,0
2018-10-30,Oakville,3,SLUH,0
2018-10-30,Christian Brothers College,4,Kirkwood,1
2018-10-30,Vianney,2,Lindbergh,1
2018-10-30,Francis Howell,6,Ft. Zumwalt North,0
2018-10-30,Ft. Zumwalt West,4,Francis Howell Central,3
2018-10-30,Rock Bridge,9,Waynesville,0
2018-10-30,Jefferson City,2,Hickman,1
2018-10-30,Ozark,2,Branson,0
2018-10-30,Nixa,2,Kickapoo,6
2018-10-30,Republic,2,Joplin,3
2018-10-30,Carthage,0,Central (Springfield),1
2018-10-30,Lee's Summit,1,Lee's Summit West,0
2018-10-30,Blue Springs South,4,Blue Springs,1
2018-10-30,Lee's Summit North,5,Fort Osage,0
2018-10-30,Rockhurst,3,Raytown,0
2018-10-30,St. Charles,3,William Chrisman,1
2018-10-30,Liberty North,4,Oak Park,1
2018-10-30,Liberty,2,Staley,1
2018-10-30,Park Hill South,5,Central (St. Joseph),0
2018-10-30,North Kansas City,0,Park Hill,1
2018-10-31,Clayton,1,Ladue Horton Watkins,2
2018-10-31,Rolla,6,Union,0
2018-10-31,Glendale,7,West Plains,0
2018-10-31,Willard,2,Parkview,3
2018-10-31,Harrisonville,4,Raytown South,3
2018-10-31,Kearney,2,Smithville,0
2018-11-01,Farmington,6,Central (Cape Girardeau),1
2018-11-01,Hillsboro,1,Windsor (Imperial),2
2018-11-01,Webster Groves,3,Webster Groves,0
2018-11-01,Parkway Central,2,St. Charles,1
2018-11-01,Ft. Zumwalt South,2,St. Dominic,0
2018-11-01,Liberty (Wentzville),5,St. Francis Borgia,0
2018-11-01,Neosho,3,Webb City,2
2018-11-01,Helias Catholic,2,Savannah,1
2018-11-01,Van Horn,4,Grain Valley,1
2018-11-01,Jackson,3,Northwest (Cedar Hill),2
2018-11-01,De Smet Jesuit,1,Pattonville,0
2018-11-01,Marquette,3,Parkway South,1
2018-11-01,Holt,2,Timberland,0
2018-11-01,Christian Brothers College,2,Vianney,0
2018-11-01,Francis Howell,0,Ft. Zumwalt West,1
2018-11-01,Rock Bridge,2,Jefferson City,0
2018-11-01,Ozark,1,Kickapoo,0
2018-11-01,Central (Springfield),2,Joplin,3
2018-11-01,Blue Springs South,2,Lee's Summit North,0
2018-11-01,Rockhurst,4,St. Charles,2
2018-11-01,Liberty North,3,Liberty,1
2018-11-01,Park Hill South,1,Park Hill,2
2018-11-03,Fair Grove,5,Laquey,2
2018-11-03,Cole Camp,1,Lutheran North,2
2018-11-03,Barstow,1,Lone Jack,0
2018-11-03,John Burroughs,2,Notre Dame (Cape Girardeau),1
2018-11-03,Southern Boone,1,Monett,2
2018-11-03,Veritas Christian Academy,1,St. Charles West,6
2018-11-03,St. Pius X (Kansas City),0,Pembroke Hill,2
2018-11-03,Rockwood Summit,1,Priory,2
2018-11-06,Windsor (Imperial),0,Farmington,5
2018-11-06,Priory,0,Webster Groves,1
2018-11-06,Glendale,2,Rolla,0
2018-11-06,Neosho,2,Parkview,1
2018-11-06,Parkway Central,5,Ladue Horton Watkins,4
2018-11-06,Liberty (Wentzville),1,Ft. Zumwalt South,2
2018-11-06,Harrisonville,3,Helias Catholic,4
2018-11-06,Kearney,2,Van Horn,3
2018-11-06,De Smet Jesuit,1,Jackson,0
2018-11-06,Oakville,0,Marquette,2
2018-11-06,Ozark,1,Rock Bridge,2
2018-11-06,Lee's Summit,10,Joplin,0
2018-11-06,Christian Brothers College,1,Holt,0
2018-11-06,Ft. Zumwalt West,0,Chaminade College Prep,1
2018-11-06,Rockhurst,7,Blue Springs South,1
2018-11-06,Park Hill,2,Liberty North,3
2018-11-09,Fair Grove,1,Principia,6
2018-11-09,Barstow,4,Lutheran North,2
2018-11-09,Monett,0,John Burroughs,1
2018-11-09,Pembroke Hill,0,St. Charles West,1
2018-11-10,Barstow,3,Principia,2
2018-11-10,Lutheran North,0,Fair Grove,6
2018-11-10,St. Charles West,0,John Burroughs,3
2018-11-10,Pembroke Hill,0,Monett,3
2018-11-10,Webster Groves,3,Farmington,0
2018-11-10,Neosho,2,Glendale,6
2018-11-10,Ft. Zumwalt South,2,Parkway Central,1
2018-11-10,Van Horn,4,Helias Catholic,1
2018-11-10,Marquette,0,De Smet Jesuit,1
2018-11-10,Lee's Summit,1,Rock Bridge,0
2018-11-10,Chaminade College Prep,1,Christian Brothers College,3
2018-11-10,Liberty North,1,Rockhurst,3
2018-11-16,Glendale,0,Webster Groves,4
2018-11-16,Van Horn,2,Ft. Zumwalt South,5
2018-11-16,Lee's Summit,0,De Smet Jesuit,1
2018-11-16,Rockhurst,0,Christian Brothers College,3
2018-11-17,Ft. Zumwalt South,2,Webster Groves,1
2018-11-17,Van Horn,0,Glendale,0
2018-11-17,Christian Brothers College,1,De Smet Jesuit,0
2018-11-17,Rockhurst,2,Lee's Summit,1
